file,line,function,chart_call,chart_key,chart_title_hint,issues,severity
src/dashboard/components/options_panel.py,425,render_upstox_chain_monitor,plotly_chart,,Time,NO_EXPLICIT_KEY,medium
src/dashboard/components/options_panel.py,452,render_upstox_chain_monitor,plotly_chart,,Open Interest by Strike,NO_EXPLICIT_KEY,medium
src/dashboard/components/options_panel.py,511,render_opportunity_surface,plotly_chart,,Top Opportunity Scores,NO_EXPLICIT_KEY,medium
src/dashboard/components/options_panel.py,521,render_opportunity_surface,plotly_chart,,Top Opportunity Scores,NO_EXPLICIT_KEY,medium
src/dashboard/components/options_panel.py,573,render_backtester,plotly_chart,,Backtest Equity Curve,NO_EXPLICIT_KEY,medium
src/dashboard/components/options_panel.py,583,render_backtester,plotly_chart,,Backtest Equity Curve,NO_EXPLICIT_KEY,medium
src/dashboard/components/options_panel.py,591,render_backtester,plotly_chart,,Backtest Equity Curve,NO_EXPLICIT_KEY,medium
src/dashboard/components/options_panel.py,1045,render_portfolio_greeks,plotly_chart,,Portfolio Greeks Over Time,NO_EXPLICIT_KEY,medium
src/dashboard/components/options_panel.py,1093,render_portfolio_greeks,plotly_chart,,Per-Underlying Greek Profile,NO_EXPLICIT_KEY,medium
src/dashboard/components/options_panel.py,1265,render_tax_and_profitability,plotly_chart,,P&L Decomposition (Tax-Aware),NO_EXPLICIT_KEY,medium
src/dashboard/components/options_panel.py,1288,render_tax_and_profitability,plotly_chart,,🧩 Centralized V3 P&L,NO_EXPLICIT_KEY,medium
src/dashboard/components/options_panel.py,1352,render_advanced_analytics,plotly_chart,,Decision Outcomes,NO_EXPLICIT_KEY,medium
src/dashboard/components/options_panel.py,1366,render_advanced_analytics,plotly_chart,,Decision Outcomes,NO_EXPLICIT_KEY,medium
src/dashboard/components/options_panel.py,1381,render_advanced_analytics,plotly_chart,,Objective Mix,NO_EXPLICIT_KEY,medium
src/dashboard/components/options_panel.py,1411,render_advanced_analytics,plotly_chart,,Top Rejection Reasons,NO_EXPLICIT_KEY,medium
src/dashboard/components/options_panel.py,1445,render_advanced_analytics,plotly_chart,,Realized P&L Path,NO_EXPLICIT_KEY,medium
src/dashboard/components/options_panel.py,1491,render_underlying_coverage,plotly_chart,,Decision Status Distribution (Current Cycle),NO_EXPLICIT_KEY,medium
src/dashboard/components/options_panel.py,1592,render_strategy_pipeline,plotly_chart,,"Strategy Payoff Curve (at Expiry, premium-adjusted)",NO_EXPLICIT_KEY,medium
src/dashboard/components/options_panel.py,1614,render_strategy_pipeline,plotly_chart,,Strategy Greek Exposures,NO_EXPLICIT_KEY,medium
src/dashboard/components/options_panel.py,1659,render_strategy_pipeline,plotly_chart,,Candidate Frontier: Max Loss vs Max Profit,NO_EXPLICIT_KEY,medium
src/dashboard/components/production_grade_panel.py,346,_render_strategy_edge_chart,plotly_chart,,Strategy Edge Health Status,UNREACHABLE_MODULE;NO_EXPLICIT_KEY,high
src/dashboard/components/production_grade_panel.py,397,_render_position_liquidity_chart,plotly_chart,,Exit Risk,UNREACHABLE_MODULE;NO_EXPLICIT_KEY,high
src/dashboard/components/production_grade_panel.py,599,_render_capital_allocation_impact,plotly_chart,,Capital Allocation: Proposed vs Edge-Adjusted,UNREACHABLE_MODULE;NO_EXPLICIT_KEY,high
src/dashboard/components/production_grade_panel.py,633,_render_liquidity_risk_heatmap,plotly_chart,,Position Liquidity Risk Heatmap,UNREACHABLE_MODULE;NO_EXPLICIT_KEY,high
src/dashboard/components/production_grade_panel.py,678,_render_exit_cost_analysis,plotly_chart,,Exit Cost vs Remaining Edge,UNREACHABLE_MODULE;NO_EXPLICIT_KEY,high
src/dashboard/components/production_grade_panel.py,696,_render_integration_timeline,plotly_chart,,Remaining Edge,UNREACHABLE_MODULE;NO_EXPLICIT_KEY,high
src/dashboard/components/v3_sentiment_panel.py,449,render_sentiment_trend,plotly_chart,,,NO_EXPLICIT_KEY,medium
src/dashboard/components/v3_sentiment_panel.py,463,render_sentiment_trend,plotly_chart,,Sentiment Trend,NO_EXPLICIT_KEY,medium
src/dashboard/components/v3_sentiment_panel.py,491,render_sector_narratives,plotly_chart,,Sector Sentiment Score (color = conviction),NO_EXPLICIT_KEY,medium
src/dashboard/components/v3_sentiment_panel.py,501,render_sector_narratives,plotly_chart,,Sector Sentiment Score (color = conviction),NO_EXPLICIT_KEY,medium
src/dashboard/components/v3_sentiment_panel.py,630,render_company_news_trends,plotly_chart,,Sentiment Intensity Rank (Positive High → Negative Low),NO_EXPLICIT_KEY,medium
src/dashboard/components/v3_sentiment_panel.py,707,render_event_company_impact,plotly_chart,,Average Impact Score by Event Type,NO_EXPLICIT_KEY,medium
src/dashboard/northstar_v3_dashboard_methods.py,52,render_dynamic_clustering,plotly_chart,,Market Feature Clusters,UNREACHABLE_MODULE;NO_EXPLICIT_KEY,high
src/dashboard/northstar_v3_dashboard_methods.py,89,render_wave_analysis,plotly_chart,,Portfolio vs Trend,UNREACHABLE_MODULE;NO_EXPLICIT_KEY,high
src/dashboard/northstar_v3_ultimate_integrated_dashboard.py,1847,render_mission_control,plotly_chart,,Research Learning Curve (Candidate Score),NO_EXPLICIT_KEY,medium
src/dashboard/northstar_v3_ultimate_integrated_dashboard.py,1885,render_live_mode_compact,plotly_chart,,Live Equity Curve,DEAD_FUNCTION;NO_EXPLICIT_KEY,high
src/dashboard/northstar_v3_ultimate_integrated_dashboard.py,1897,render_live_mode_compact,plotly_chart,,Live Equity Curve,DEAD_FUNCTION;NO_EXPLICIT_KEY,high
src/dashboard/northstar_v3_ultimate_integrated_dashboard.py,1932,render_research_mode_compact,plotly_chart,,Research Dataset Partition (Rows),NO_EXPLICIT_KEY,medium
src/dashboard/northstar_v3_ultimate_integrated_dashboard.py,1936,render_research_mode_compact,plotly_chart,,Research Dataset Partition (Rows),NO_EXPLICIT_KEY,medium
src/dashboard/northstar_v3_ultimate_integrated_dashboard.py,1954,render_research_mode_compact,plotly_chart,,Research Dataset Partition (Rows),NO_EXPLICIT_KEY,medium
src/dashboard/northstar_v3_ultimate_integrated_dashboard.py,1982,render_experimentation_lab,plotly_chart,,Experiment Trajectory,NO_EXPLICIT_KEY,medium
src/dashboard/northstar_v3_ultimate_integrated_dashboard.py,2080,render_macro_valuation_compact,plotly_chart,,Top Macro Factors (Latest),DEAD_FUNCTION;NO_EXPLICIT_KEY;SEVERE_STALE_INPUTS,high
src/dashboard/northstar_v3_ultimate_integrated_dashboard.py,2117,render_macro_valuation_compact,plotly_chart,,Posterior Gap Distribution,DEAD_FUNCTION;NO_EXPLICIT_KEY;SEVERE_STALE_INPUTS,high
src/dashboard/northstar_v3_ultimate_integrated_dashboard.py,2213,render_command_center,plotly_chart,,Portfolio vs NIFTY 50 (Normalized),DEAD_FUNCTION;NO_EXPLICIT_KEY,high
src/dashboard/northstar_v3_ultimate_integrated_dashboard.py,2264,render_system_health,plotly_chart,,Step Durations (s),NO_EXPLICIT_KEY,medium
src/dashboard/northstar_v3_ultimate_integrated_dashboard.py,2577,render_v3_analytics,plotly_chart,,,NO_EXPLICIT_KEY;STALE_INPUTS_7D+,high
src/dashboard/northstar_v3_ultimate_integrated_dashboard.py,2585,render_v3_analytics,plotly_chart,,,NO_EXPLICIT_KEY;STALE_INPUTS_7D+,high
src/dashboard/northstar_v3_ultimate_integrated_dashboard.py,2609,render_v3_analytics,plotly_chart,,Rolling Volatility (%),NO_EXPLICIT_KEY;STALE_INPUTS_7D+,high
src/dashboard/northstar_v3_ultimate_integrated_dashboard.py,2630,render_v3_analytics,plotly_chart,,Rolling Volatility (%),NO_EXPLICIT_KEY;STALE_INPUTS_7D+,high
src/dashboard/northstar_v3_ultimate_integrated_dashboard.py,2655,render_v3_analytics,plotly_chart,,Setup Score Distribution,NO_EXPLICIT_KEY;STALE_INPUTS_7D+,high
src/dashboard/northstar_v3_ultimate_integrated_dashboard.py,2660,render_v3_analytics,plotly_chart,,Setup Score Distribution,NO_EXPLICIT_KEY;STALE_INPUTS_7D+,high
src/dashboard/northstar_v3_ultimate_integrated_dashboard.py,2683,render_v3_analytics,plotly_chart,,Research Candidate Score Drift,NO_EXPLICIT_KEY;STALE_INPUTS_7D+,high
src/dashboard/northstar_v3_ultimate_integrated_dashboard.py,2779,render_v3_analytics,plotly_chart,v3_analytics_benchmark_nav,Portfolio vs Benchmark (Normalized NAV),STALE_INPUTS_7D+,medium
src/dashboard/northstar_v3_ultimate_integrated_dashboard.py,2789,render_v3_analytics,plotly_chart,v3_analytics_benchmark_te_ir,Portfolio vs Benchmark (Normalized NAV),STALE_INPUTS_7D+,medium
src/dashboard/northstar_v3_ultimate_integrated_dashboard.py,2797,render_v3_analytics,plotly_chart,v3_analytics_benchmark_beta,Portfolio vs Benchmark (Normalized NAV),STALE_INPUTS_7D+,medium
src/dashboard/northstar_v3_ultimate_integrated_dashboard.py,2846,render_advanced_intelligence,plotly_chart,adv_intel_l2268,,SEVERE_STALE_INPUTS,high
src/dashboard/northstar_v3_ultimate_integrated_dashboard.py,2880,render_advanced_intelligence,plotly_chart,adv_intel_l2281,,SEVERE_STALE_INPUTS,high
src/dashboard/northstar_v3_ultimate_integrated_dashboard.py,2957,render_advanced_intelligence,plotly_chart,adv_intel_l2358,Phase Space (belief_strength vs edge_health),SEVERE_STALE_INPUTS,high
src/dashboard/northstar_v3_ultimate_integrated_dashboard.py,2978,render_advanced_intelligence,plotly_chart,adv_intel_l2379,Belief Strength,SEVERE_STALE_INPUTS,high
src/dashboard/northstar_v3_ultimate_integrated_dashboard.py,3017,render_advanced_intelligence,plotly_chart,adv_intel_l2418,Allocation Over Time,SEVERE_STALE_INPUTS,high
src/dashboard/northstar_v3_ultimate_integrated_dashboard.py,3054,render_advanced_intelligence,plotly_chart,adv_intel_l2455,Allocation Heatmap (Recent),SEVERE_STALE_INPUTS,high
src/dashboard/northstar_v3_ultimate_integrated_dashboard.py,3120,render_advanced_intelligence,plotly_chart,adv_intel_l2521,,SEVERE_STALE_INPUTS,high
src/dashboard/northstar_v3_ultimate_integrated_dashboard.py,3164,render_advanced_intelligence,plotly_chart,adv_intel_l2565,Probability,SEVERE_STALE_INPUTS,high
src/dashboard/northstar_v3_ultimate_integrated_dashboard.py,3175,render_advanced_intelligence,plotly_chart,adv_intel_l2576,Probability,SEVERE_STALE_INPUTS,high
src/dashboard/northstar_v3_ultimate_integrated_dashboard.py,3198,render_advanced_intelligence,plotly_chart,adv_intel_l2599,Risk Pressure Index (z(vol) + z(corr)),SEVERE_STALE_INPUTS,high
src/dashboard/northstar_v3_ultimate_integrated_dashboard.py,3263,render_advanced_intelligence,plotly_chart,adv_intel_l2664,"Macro Factors (Latest, Top 20)",SEVERE_STALE_INPUTS,high
src/dashboard/northstar_v3_ultimate_integrated_dashboard.py,3274,render_advanced_intelligence,plotly_chart,adv_intel_l2669,"Macro Factors (Latest, Top 20)",SEVERE_STALE_INPUTS,high
src/dashboard/northstar_v3_ultimate_integrated_dashboard.py,3315,render_advanced_intelligence,plotly_chart,adv_intel_l2710,"Macro Stress Ranking (Latest z-scores, Top 12)",SEVERE_STALE_INPUTS,high
src/dashboard/northstar_v3_ultimate_integrated_dashboard.py,3336,render_advanced_intelligence,plotly_chart,adv_intel_l2731,"Macro Stress Ranking (Latest z-scores, Top 12)",SEVERE_STALE_INPUTS,high
src/dashboard/northstar_v3_ultimate_integrated_dashboard.py,3348,render_advanced_intelligence,plotly_chart,adv_intel_l2743,Cross-Factor Correlation (Top 10 Macro Drivers),SEVERE_STALE_INPUTS,high
src/dashboard/northstar_v3_ultimate_integrated_dashboard.py,3389,render_advanced_intelligence,plotly_chart,adv_intel_l2784,Composite IC Comparison,SEVERE_STALE_INPUTS,high
src/dashboard/northstar_v3_ultimate_integrated_dashboard.py,3501,render_advanced_intelligence,plotly_chart,adv_intel_l2896,,SEVERE_STALE_INPUTS,high
src/dashboard/northstar_v3_ultimate_integrated_dashboard.py,3509,render_advanced_intelligence,plotly_chart,adv_intel_l2904,Sector × Macro Heatmap (Unique Factors),SEVERE_STALE_INPUTS,high
src/dashboard/northstar_v3_ultimate_integrated_dashboard.py,3545,render_advanced_intelligence,plotly_chart,adv_intel_l2940,Top 30 Company-Macro Transmission Links (|beta|),SEVERE_STALE_INPUTS,high
src/dashboard/northstar_v3_ultimate_integrated_dashboard.py,3557,render_advanced_intelligence,plotly_chart,adv_intel_l2952,Top 30 Company-Macro Transmission Links (|beta|),SEVERE_STALE_INPUTS,high
src/dashboard/northstar_v3_ultimate_integrated_dashboard.py,3634,render_advanced_intelligence,plotly_chart,adv_intel_l3029,,SEVERE_STALE_INPUTS,high
src/dashboard/northstar_v3_ultimate_integrated_dashboard.py,3689,render_advanced_intelligence,plotly_chart,adv_intel_l3084,Expected Macro Change (Top 15 by |change|),SEVERE_STALE_INPUTS,high
src/dashboard/northstar_v3_ultimate_integrated_dashboard.py,3732,render_advanced_intelligence,plotly_chart,adv_intel_l3127,Current Kalman Betas (Top 25 Tickers × Top 8 Macros),SEVERE_STALE_INPUTS,high
src/dashboard/northstar_v3_ultimate_integrated_dashboard.py,3810,render_advanced_intelligence,plotly_chart,adv_intel_l3205,Top Macro Drivers by Mean |beta|,SEVERE_STALE_INPUTS,high
src/dashboard/northstar_v3_ultimate_integrated_dashboard.py,3828,render_advanced_intelligence,plotly_chart,adv_intel_l3223,Top Macro Drivers by Mean |beta|,SEVERE_STALE_INPUTS,high
src/dashboard/northstar_v3_ultimate_integrated_dashboard.py,3917,render_advanced_intelligence,plotly_chart,adv_intel_l3312,Optimizer Top Weights (color = delta vs previous),SEVERE_STALE_INPUTS,high
src/dashboard/northstar_v3_ultimate_integrated_dashboard.py,3948,render_advanced_intelligence,plotly_chart,adv_intel_l3343,Stress Replay Portfolio Impact,SEVERE_STALE_INPUTS,high
src/dashboard/northstar_v3_ultimate_integrated_dashboard.py,3969,render_advanced_intelligence,plotly_chart,adv_intel_l3359,Stress Replay Portfolio Impact,SEVERE_STALE_INPUTS,high
src/dashboard/northstar_v3_ultimate_integrated_dashboard.py,3997,render_advanced_intelligence,plotly_chart,adv_intel_l3378,JAX Kalman vs Baseline Kalman Betas,SEVERE_STALE_INPUTS,high
src/dashboard/northstar_v3_ultimate_integrated_dashboard.py,4051,render_advanced_intelligence,plotly_chart,adv_intel_l3430,Macro Artifact Freshness Score (higher is fresher),SEVERE_STALE_INPUTS,high
src/dashboard/northstar_v3_ultimate_integrated_dashboard.py,4151,render_advanced_intelligence,plotly_chart,adv_intel_l3522,,SEVERE_STALE_INPUTS,high
src/dashboard/northstar_v3_ultimate_integrated_dashboard.py,4163,render_advanced_intelligence,plotly_chart,adv_intel_l3534,Valuation Composite Distribution (true_undervaluation),SEVERE_STALE_INPUTS,high
src/dashboard/northstar_v3_ultimate_integrated_dashboard.py,4202,render_advanced_intelligence,plotly_chart,adv_intel_l3573,Forensic Penalty vs Value Index,SEVERE_STALE_INPUTS,high
src/dashboard/northstar_v3_ultimate_integrated_dashboard.py,4219,render_advanced_intelligence,plotly_chart,adv_intel_l3590,Forensic Penalty vs Value Index,SEVERE_STALE_INPUTS,high
src/dashboard/northstar_v3_ultimate_integrated_dashboard.py,4231,render_advanced_intelligence,plotly_chart,adv_intel_l3602,Industry Mean Value Index (Top 15),SEVERE_STALE_INPUTS,high
src/dashboard/northstar_v3_ultimate_integrated_dashboard.py,4290,render_advanced_intelligence,plotly_chart,adv_intel_l3661,Buffett Score vs DCF Margin of Safety (size = moat),SEVERE_STALE_INPUTS,high
src/dashboard/northstar_v3_ultimate_integrated_dashboard.py,4300,render_advanced_intelligence,plotly_chart,adv_intel_l3671,Buffett Score vs DCF Margin of Safety (size = moat),SEVERE_STALE_INPUTS,high
src/dashboard/northstar_v3_ultimate_integrated_dashboard.py,4327,render_advanced_intelligence,plotly_chart,adv_intel_l3698,Moat Width Distribution,SEVERE_STALE_INPUTS,high
src/dashboard/northstar_v3_ultimate_integrated_dashboard.py,4410,render_advanced_intelligence,plotly_chart,adv_intel_l3781,Gap,SEVERE_STALE_INPUTS,high
src/dashboard/northstar_v3_ultimate_integrated_dashboard.py,4425,render_advanced_intelligence,plotly_chart,adv_intel_l3796,Gap,SEVERE_STALE_INPUTS,high
src/dashboard/northstar_v3_ultimate_integrated_dashboard.py,4452,render_advanced_intelligence,plotly_chart,adv_intel_l3823,Posterior Gap Distribution,SEVERE_STALE_INPUTS,high
src/dashboard/northstar_v3_ultimate_integrated_dashboard.py,4465,render_advanced_intelligence,plotly_chart,adv_intel_l3836,Posterior Gap Distribution,SEVERE_STALE_INPUTS,high
src/dashboard/northstar_v3_ultimate_integrated_dashboard.py,4561,render_advanced_intelligence,plotly_chart,adv_intel_l3932,Jacobian Eigenvalue Map (Valuation-Regime-Leverage),SEVERE_STALE_INPUTS,high
src/dashboard/northstar_v3_ultimate_integrated_dashboard.py,4595,render_advanced_intelligence,plotly_chart,adv_intel_l3966,Return,SEVERE_STALE_INPUTS,high
src/dashboard/northstar_v3_ultimate_integrated_dashboard.py,4633,render_advanced_intelligence,plotly_chart,adv_intel_l4004,Decile Monotonicity by Horizon,SEVERE_STALE_INPUTS,high
src/dashboard/northstar_v3_ultimate_integrated_dashboard.py,4651,render_advanced_intelligence,plotly_chart,adv_intel_l4022,Decile Monotonicity by Horizon,SEVERE_STALE_INPUTS,high
src/dashboard/northstar_v3_ultimate_integrated_dashboard.py,4678,render_advanced_intelligence,plotly_chart,adv_intel_l4049,Valuation / Buffett / Forensic Trend (cross-sectional means),SEVERE_STALE_INPUTS,high
src/dashboard/northstar_v3_ultimate_integrated_dashboard.py,4737,render_advanced_intelligence,plotly_chart,adv_intel_l4106,Opportunity Surface (mispricing × confirmation),SEVERE_STALE_INPUTS,high
src/dashboard/northstar_v3_ultimate_integrated_dashboard.py,4767,render_advanced_intelligence,plotly_chart,adv_intel_l4136,Opportunity Score Distribution,SEVERE_STALE_INPUTS,high
src/dashboard/northstar_v3_ultimate_integrated_dashboard.py,4788,render_advanced_intelligence,plotly_chart,adv_intel_l4157,Opportunity Score Distribution,SEVERE_STALE_INPUTS,high
src/dashboard/northstar_v3_ultimate_integrated_dashboard.py,4793,render_advanced_intelligence,plotly_chart,adv_intel_l4162,Flow Strength by Industry,SEVERE_STALE_INPUTS,high
src/dashboard/northstar_v3_ultimate_integrated_dashboard.py,4824,render_advanced_intelligence,plotly_chart,adv_intel_l4193,Flow Strength Trend (Top Industries),SEVERE_STALE_INPUTS,high
src/dashboard/northstar_v3_ultimate_integrated_dashboard.py,4841,render_advanced_intelligence,plotly_chart,adv_intel_l4210,Flow Strength Trend (Top Industries),SEVERE_STALE_INPUTS,high
src/dashboard/northstar_v3_ultimate_integrated_dashboard.py,4902,render_advanced_intelligence,plotly_chart,adv_intel_l4271,PnL Partition (Backtest vs Live),SEVERE_STALE_INPUTS,high
src/dashboard/northstar_v3_ultimate_integrated_dashboard.py,4922,render_advanced_intelligence,plotly_chart,adv_intel_l4291,PnL Partition (Backtest vs Live),SEVERE_STALE_INPUTS,high
src/dashboard/northstar_v3_ultimate_integrated_dashboard.py,4942,render_advanced_intelligence,plotly_chart,adv_intel_l4316,Weekend Scenario Sweep (survival vs drawdown),SEVERE_STALE_INPUTS,high
src/dashboard/northstar_v3_ultimate_integrated_dashboard.py,5010,render_advanced_intelligence,plotly_chart,adv_intel_l4356,,SEVERE_STALE_INPUTS,high
src/dashboard/northstar_v3_ultimate_integrated_dashboard.py,5163,render_advanced_intelligence,plotly_chart,adv_intel_l4505,,SEVERE_STALE_INPUTS,high
src/dashboard/northstar_v3_ultimate_integrated_dashboard.py,5181,render_advanced_intelligence,plotly_chart,adv_intel_l4523,Event-Type Frequency,SEVERE_STALE_INPUTS,high
src/dashboard/northstar_v3_ultimate_integrated_dashboard.py,5189,render_advanced_intelligence,plotly_chart,adv_intel_l4531,Event-Type Frequency,SEVERE_STALE_INPUTS,high
src/dashboard/northstar_v3_ultimate_integrated_dashboard.py,5349,render_advanced_intelligence,plotly_chart,adv_intel_l4691,Market Pressure by Source Type,SEVERE_STALE_INPUTS,high
src/dashboard/northstar_v3_ultimate_integrated_dashboard.py,5383,render_advanced_intelligence,plotly_chart,adv_intel_l4725,Top Macro→Company Relationships by |beta|,SEVERE_STALE_INPUTS,high
src/dashboard/northstar_v3_ultimate_integrated_dashboard.py,5412,render_advanced_intelligence,plotly_chart,adv_intel_l4754,Relationship Trend Buckets,SEVERE_STALE_INPUTS,high
src/dashboard/northstar_v3_ultimate_integrated_dashboard.py,5484,render_advanced_intelligence,plotly_chart,adv_intel_l4826,Strategy-Level Return Contribution,SEVERE_STALE_INPUTS,high
src/dashboard/northstar_v3_ultimate_integrated_dashboard.py,5495,render_advanced_intelligence,plotly_chart,adv_intel_l4837,Strategy-Level Return Contribution,SEVERE_STALE_INPUTS,high
src/dashboard/northstar_v3_ultimate_integrated_dashboard.py,5588,render_wave_analysis,plotly_chart,,,NO_EXPLICIT_KEY,medium
src/dashboard/northstar_v3_ultimate_integrated_dashboard.py,5621,render_wave_analysis,plotly_chart,,FFT Power Spectrum (returns),NO_EXPLICIT_KEY,medium
src/dashboard/northstar_v3_ultimate_integrated_dashboard.py,5643,render_wave_analysis,plotly_chart,,FFT Power Spectrum (returns),NO_EXPLICIT_KEY,medium
src/dashboard/northstar_v3_ultimate_integrated_dashboard.py,5674,render_wave_analysis,plotly_chart,,Wave Forecast (trend + cycle proxy),NO_EXPLICIT_KEY,medium
src/dashboard/northstar_v3_ultimate_integrated_dashboard.py,5684,render_wave_analysis,plotly_chart,,Wave Forecast (trend + cycle proxy),NO_EXPLICIT_KEY,medium
src/dashboard/northstar_v3_ultimate_integrated_dashboard.py,5776,render_portfolio,plotly_chart,,Holdings Map (invested weights),DEAD_FUNCTION;NO_EXPLICIT_KEY,high
src/dashboard/northstar_v3_ultimate_integrated_dashboard.py,5780,render_portfolio,plotly_chart,,Holdings Map (invested weights),DEAD_FUNCTION;NO_EXPLICIT_KEY,high
src/dashboard/northstar_v3_ultimate_integrated_dashboard.py,5786,render_portfolio,plotly_chart,,Holdings Map (invested weights),DEAD_FUNCTION;NO_EXPLICIT_KEY,high
src/dashboard/northstar_v3_ultimate_integrated_dashboard.py,5821,render_portfolio,plotly_chart,portfolio_tab_vs_benchmark,Portfolio vs Benchmark (normalized),DEAD_FUNCTION,high
src/dashboard/northstar_v3_ultimate_integrated_dashboard.py,5840,render_portfolio,plotly_chart,,Portfolio vs Benchmark (normalized),DEAD_FUNCTION;NO_EXPLICIT_KEY,high
src/dashboard/northstar_v3_ultimate_integrated_dashboard.py,5861,render_portfolio,plotly_chart,,Active Return vs Benchmark (%),DEAD_FUNCTION;NO_EXPLICIT_KEY,high
src/dashboard/northstar_v3_ultimate_integrated_dashboard.py,5871,render_portfolio,plotly_chart,,Weight vs Realized Volatility,DEAD_FUNCTION;NO_EXPLICIT_KEY,high
src/dashboard/northstar_v3_ultimate_integrated_dashboard.py,5894,render_portfolio,plotly_chart,,Return Correlation (last 1y),DEAD_FUNCTION;NO_EXPLICIT_KEY,high
src/dashboard/northstar_v3_ultimate_integrated_dashboard.py,5914,render_portfolio,plotly_chart,,Return Correlation (last 1y),DEAD_FUNCTION;NO_EXPLICIT_KEY,high
src/dashboard/northstar_v3_ultimate_integrated_dashboard.py,5932,render_portfolio,plotly_chart,,Exit Risk vs Weight (invested),DEAD_FUNCTION;NO_EXPLICIT_KEY,high
src/dashboard/northstar_v3_ultimate_integrated_dashboard.py,5974,render_edge_health,plotly_chart,,Edge Health by Strategy,NO_EXPLICIT_KEY,medium
src/dashboard/northstar_v3_ultimate_integrated_dashboard.py,5986,render_edge_health,plotly_chart,,Edge Health by Strategy,NO_EXPLICIT_KEY,medium
src/dashboard/northstar_v3_ultimate_integrated_dashboard.py,6000,render_exit_risk,plotly_chart,,Half-Life vs Edge Health,NO_EXPLICIT_KEY,medium
src/dashboard/northstar_v3_ultimate_integrated_dashboard.py,6020,render_exit_risk,plotly_chart,,Exit Risk by Position,NO_EXPLICIT_KEY,medium
src/dashboard/northstar_v3_ultimate_integrated_dashboard.py,6370,render_alpha_os_control_tower,plotly_chart,,Regime Probability Surface,NO_EXPLICIT_KEY,medium
src/dashboard/northstar_v3_ultimate_integrated_dashboard.py,6398,render_alpha_os_control_tower,plotly_chart,,Regime Entropy + Confidence,NO_EXPLICIT_KEY,medium
src/dashboard/northstar_v3_ultimate_integrated_dashboard.py,6426,render_alpha_os_control_tower,plotly_chart,,Gross Exposure vs Crisis Probability,NO_EXPLICIT_KEY,medium
src/dashboard/northstar_v3_ultimate_integrated_dashboard.py,6488,render_alpha_os_control_tower,plotly_chart,,,NO_EXPLICIT_KEY,medium
src/dashboard/northstar_v3_ultimate_integrated_dashboard.py,6527,render_alpha_os_control_tower,plotly_chart,,,NO_EXPLICIT_KEY,medium
src/dashboard/northstar_v3_ultimate_integrated_dashboard.py,6552,render_alpha_os_control_tower,plotly_chart,,Meta Layer Adjustment: Raw/Meta/Final Gross Weights,NO_EXPLICIT_KEY,medium
src/dashboard/northstar_v3_ultimate_integrated_dashboard.py,6576,render_alpha_os_control_tower,plotly_chart,,Convexity Heat Map,NO_EXPLICIT_KEY,medium
src/dashboard/northstar_v3_ultimate_integrated_dashboard.py,6593,render_alpha_os_control_tower,plotly_chart,,Convexity Heat Map,NO_EXPLICIT_KEY,medium
src/dashboard/northstar_v3_ultimate_integrated_dashboard.py,6622,render_alpha_os_control_tower,plotly_chart,,Survival-Core Activation Timeline,NO_EXPLICIT_KEY,medium
src/dashboard/northstar_v3_ultimate_integrated_dashboard.py,6637,render_alpha_os_control_tower,plotly_chart,alphaos_risk_budget_usage,Survival-Core Activation Timeline,STALE_INPUTS_24H+,medium
src/dashboard/northstar_v3_ultimate_integrated_dashboard.py,6652,render_alpha_os_control_tower,plotly_chart,alphaos_drawdown_surface_empirical,Risk Budget Usage,STALE_INPUTS_24H+,medium
src/dashboard/northstar_v3_ultimate_integrated_dashboard.py,6680,render_alpha_os_control_tower,plotly_chart,alphaos_drawdown_surface_fallback,Drawdown Probability Surface (Normal Approximation),STALE_INPUTS_24H+,medium
src/dashboard/northstar_v3_ultimate_integrated_dashboard.py,6707,render_alpha_os_control_tower,plotly_chart,,Shadow Divergence Index,NO_EXPLICIT_KEY,medium
src/dashboard/northstar_v3_ultimate_integrated_dashboard.py,6718,render_alpha_os_control_tower,plotly_chart,,Shadow Divergence Index,NO_EXPLICIT_KEY,medium
src/dashboard/northstar_v3_ultimate_integrated_dashboard.py,6742,render_alpha_os_control_tower,plotly_chart,,Regime Drift Monitor,NO_EXPLICIT_KEY,medium
src/dashboard/northstar_v3_ultimate_integrated_dashboard.py,6768,render_alpha_os_control_tower,plotly_chart,,Capital Efficiency (Expected Return / CVaR Proxy),NO_EXPLICIT_KEY,medium
src/dashboard/northstar_v3_ultimate_integrated_dashboard.py,6800,render_alpha_os_control_tower,plotly_chart,,Regime-Weighted Covariance Matrix,NO_EXPLICIT_KEY,medium
src/dashboard/northstar_v3_ultimate_integrated_dashboard.py,6855,render_alpha_os_control_tower,plotly_chart,,Crisis Replay Max Drawdown,NO_EXPLICIT_KEY,medium
src/dashboard/northstar_v3_ultimate_integrated_dashboard.py,6908,render_real_time_monitor,plotly_chart,,Sector Allocation (current_positions.json),NO_EXPLICIT_KEY;SEVERE_STALE_INPUTS,high
src/dashboard/northstar_v3_ultimate_integrated_dashboard.py,7194,render_macro_news_pressure_index,plotly_chart,f'{key_prefix}_macro_news_pressure',Macro News Pressure Index (Sentiment vs NIFTY vs Regime),STALE_INPUTS_24H+,medium
src/dashboard/northstar_v3_ultimate_integrated_dashboard.py,7341,render_sector_sentiment_vs_flows,plotly_chart,f'{key_prefix}_sector_sentiment_vs_flows',Sector Sentiment vs Sector Flows,STALE_INPUTS_24H+,medium
src/dashboard/northstar_v3_ultimate_integrated_dashboard.py,7441,render_belief_vs_news_divergence,plotly_chart,,Belief vs News Divergence,NO_EXPLICIT_KEY,medium
src/dashboard/northstar_v3_ultimate_integrated_dashboard.py,7489,render_event_shock_surface,plotly_chart,,Event Shock Surface (Ticker × Event Type),NO_EXPLICIT_KEY,medium
src/dashboard/northstar_v3_ultimate_integrated_dashboard.py,7577,render_market_state_layer,plotly_chart,market_state_regime_pressure,Regime Confidence + Risk Pressure,STALE_INPUTS_7D+,medium
src/dashboard/northstar_v3_ultimate_integrated_dashboard.py,7603,render_market_state_layer,plotly_chart,market_state_macro_heatmap,"Macro Factor Heatmap (Change-Z, Recent Active Periods)",STALE_INPUTS_7D+,medium
src/dashboard/northstar_v3_ultimate_integrated_dashboard.py,7665,render_intelligence_layer,plotly_chart,intelligence_belief_skill_evolution,,SEVERE_STALE_INPUTS,high
src/dashboard/northstar_v3_ultimate_integrated_dashboard.py,7687,render_intelligence_layer,plotly_chart,intelligence_regret_score,Regret Score (Higher = Worse),SEVERE_STALE_INPUTS,high
src/dashboard/northstar_v3_ultimate_integrated_dashboard.py,7711,render_intelligence_layer,plotly_chart,intelligence_posterior_gap_hist,Valuation Posterior Gap Distribution,SEVERE_STALE_INPUTS,high
src/dashboard/northstar_v3_ultimate_integrated_dashboard.py,7741,render_intelligence_layer,plotly_chart,intelligence_opportunity_surface,Opportunity Surface (mispricing × confirmation),SEVERE_STALE_INPUTS,high
src/dashboard/northstar_v3_ultimate_integrated_dashboard.py,7799,render_portfolio_expression_layer,plotly_chart,portfolio_expression_vs_benchmark,Portfolio vs Benchmark (Normalized),STALE_INPUTS_24H+,medium
src/dashboard/northstar_v3_ultimate_integrated_dashboard.py,7843,render_portfolio_expression_layer,plotly_chart,portfolio_expression_allocation_heatmap,Allocation Heatmap (Recent),STALE_INPUTS_24H+,medium
src/dashboard/northstar_v3_ultimate_integrated_dashboard.py,7886,render_risk_survival_layer,plotly_chart,risk_survival_drawdown_surface,Drawdown Probability Surface (Empirical Forward Returns),STALE_INPUTS_24H+,medium
src/dashboard/northstar_v3_ultimate_integrated_dashboard.py,7918,render_risk_survival_layer,plotly_chart,risk_survival_drawdown_surface_fallback,Drawdown Probability Surface (Normal Approximation),STALE_INPUTS_24H+,medium
src/dashboard/northstar_v3_ultimate_integrated_dashboard.py,8000,render_risk_survival_layer,plotly_chart,risk_survival_crisis_probability,Crisis Probability,STALE_INPUTS_24H+,medium
src/dashboard/northstar_v3_ultimate_integrated_dashboard.py,8023,render_risk_survival_layer,plotly_chart,risk_survival_fallback_ladder,Fallback Ladder Usage,FALLBACK_MODEL_VISUAL,medium
src/dashboard/northstar_v3_ultimate_integrated_dashboard.py,8054,render_risk_survival_layer,plotly_chart,risk_survival_systemic_stress,News-Based Systemic Stress Index,STALE_INPUTS_24H+,medium
src/dashboard/northstar_v3_ultimate_integrated_dashboard.py,8118,render_news_narrative_layer,plotly_chart,news_layer_narrative_shock_intensity,Narrative Shock Intensity,,ok
src/dashboard/northstar_v3_ultimate_integrated_dashboard.py,8252,render_causal_flow_panel,plotly_chart,f'{key_prefix}_causal_flow_panel',Causal Flow Panel: Macro -> Regime -> Belief -> Allocation -> PnL,,ok
src/dashboard/northstar_v3_ultimate_integrated_dashboard.py,8313,render_regime_belief_allocation_elasticity_surface,plotly_chart,cross_layer_regime_allocation_elasticity,Regime -> Allocation Elasticity Surface,,ok
src/dashboard/northstar_v3_ultimate_integrated_dashboard.py,8332,render_regime_belief_allocation_elasticity_surface,plotly_chart,cross_layer_belief_allocation_elasticity,Regime -> Allocation Elasticity Surface,,ok
src/dashboard/northstar_v3_ultimate_integrated_dashboard.py,8410,render_narrative_regime_transition_map,plotly_chart,cross_layer_narrative_transition_map,Narrative Shock Precursor Map (Transition Probability by Shock Decile),,ok
src/dashboard/northstar_v3_ultimate_integrated_dashboard.py,8536,render_macro_portfolio_transmission_network,plotly_chart,cross_layer_macro_transmission_network,Dynamic Macro -> Sector -> Portfolio Transmission Network,STALE_INPUTS_7D+,medium
src/dashboard/northstar_v3_ultimate_integrated_dashboard.py,8632,render_crisis_replay_with_narrative_overlay,plotly_chart,cross_layer_crisis_replay_overlay,,,ok
src/dashboard/northstar_v3_ultimate_integrated_dashboard.py,8713,render_belief_performance_decay_curve,plotly_chart,cross_layer_belief_decay_curve,Belief -> Subsequent Active Return (Decay Curve),,ok
src/dashboard/northstar_v3_ultimate_integrated_dashboard.py,8766,render_capital_convexity_map,plotly_chart,cross_layer_capital_convexity_map,Capital Convexity Map (Crisis Prob vs Net Gamma),,ok
src/dashboard/northstar_v3_ultimate_integrated_dashboard.py,8787,render_capital_convexity_map,plotly_chart,cross_layer_capital_convexity_latest,Capital Convexity Map (latest point),,ok
src/dashboard/northstar_v3_ultimate_integrated_dashboard.py,8844,render_macro_fragility_index,plotly_chart,cross_layer_fragility_entropy,Macro Fragility Index vs Regime Entropy,,ok
src/dashboard/northstar_v3_ultimate_integrated_dashboard.py,8864,render_macro_fragility_index,plotly_chart,cross_layer_fragility_vs_drawdown,Macro Fragility Index vs Regime Entropy,,ok
src/dashboard/northstar_v3_ultimate_integrated_dashboard.py,8906,render_sentiment_lead_lag_surface,plotly_chart,cross_layer_sentiment_lead_lag,Sentiment Lead-Lag Surface (Corr with future active returns),,ok
src/dashboard/northstar_v3_ultimate_integrated_dashboard.py,8950,render_allocation_drift_vs_information_shock,plotly_chart,cross_layer_allocation_drift_vs_shock,Allocation Drift vs Information Shock,,ok
src/dashboard/northstar_v3_ultimate_integrated_dashboard.py,8968,render_allocation_drift_vs_information_shock,plotly_chart,cross_layer_allocation_reaction_surface,Allocation Drift vs Information Shock,,ok
src/dashboard/northstar_v3_ultimate_integrated_dashboard.py,9037,render_regime_vs_posterior_stability,plotly_chart,cross_layer_regime_vs_posterior_stability,Regime Stability vs Posterior Stability,SEVERE_STALE_INPUTS,high
src/dashboard/northstar_v3_ultimate_integrated_dashboard.py,9136,render_rbi_policy_shock_impact_grid,plotly_chart,cross_layer_rbi_policy_impact,RBI Policy Shock Impact Grid (Sector response by horizon),STALE_INPUTS_24H+,medium
src/dashboard/northstar_v3_ultimate_integrated_dashboard.py,9231,render_strategy_survival_probability_curve,plotly_chart,cross_layer_strategy_survival,Strategy Survival Probability Curve,,ok
src/dashboard/strategy_intelligence_panel.py,103,render_belief_heatmap,plotly_chart,,Strategy Trustworthiness Matrix,UNREACHABLE_MODULE;NO_EXPLICIT_KEY,high
src/dashboard/strategy_intelligence_panel.py,165,render_regret_leaderboard,plotly_chart,,Cumulative Regret Distribution,UNREACHABLE_MODULE;NO_EXPLICIT_KEY,high
src/dashboard/strategy_intelligence_panel.py,204,render_capital_weights,plotly_chart,,Current Capital Allocation,UNREACHABLE_MODULE;NO_EXPLICIT_KEY,high
src/dashboard/strategy_intelligence_panel.py,276,render_strategy_lifecycle,plotly_chart,,Strategy Status Evolution,UNREACHABLE_MODULE;NO_EXPLICIT_KEY,high
