ticker,nse_symbol,bse_code,isin,listing_date,delisting_date
360ONE.NS,360ONE,542772,INE466L01038,2020-03-13,2022-12-30
3MINDIA.NS,3MINDIA,523395,INE470A01017,2015-09-11,2022-12-30
AANJANEYA.NS,AANJANEYA,,,2011-12-16,2013-04-19
AARTIIND.NS,AARTIIND,524208,INE769A01020,2014-06-27,2022-12-30
AAVAS.NS,AAVAS,541988,INE216P01012,2019-04-05,2022-12-30
ABB.NS,ABB,500002,INE117A01022,2010-01-01,2022-12-30
ABBOTINDIA.NS,ABBOTINDIA,500488,INE358A01014,2014-11-21,2022-12-30
ABCAPITAL.NS,ABCAPITAL,540691,INE674K01013,2018-02-23,2022-12-30
ABFRL.NS,ABFRL,535755,INE647O01011,2015-06-26,2022-12-30
ABGSHIP.NS,ABGSHIP,,INE067H01016,2010-01-01,2017-01-06
ABREL.NS,ABREL,500040,INE055A01016,2010-01-01,2022-12-30
ABSLAMC.NS,ABSLAMC,543374,INE404A01024,2022-04-08,2022-12-30
ACC.NS,ACC,500410,INE012A01025,2010-01-01,2022-12-30
ACE.NS,ACE,532762,INE731H01025,2010-05-28,2022-12-30
ADANIENSOL.NS,ADANIENSOL,539254,INE931S01010,2021-11-26,2022-12-30
ADANIENT.NS,ADANIENT,512599,INE423A01024,2010-01-01,2022-12-30
ADANIGREEN.NS,ADANIGREEN,541450,INE364U01010,2018-12-14,2022-12-30
ADANIPORTS.NS,ADANIPORTS,532921,INE742F01042,2010-01-01,2022-12-30
ADANIPOWER.NS,ADANIPOWER,533096,INE814H01029,2010-02-12,2022-12-30
ADHUNIK.NS,ADHUNIK,,INE400H01019,2010-01-01,2011-03-18
AEGISLOG.NS,AEGISLOG,500003,INE208C01025,2021-11-26,2022-12-30
AFFLE.NS,AFFLE,542752,INE00WC01027,2020-01-31,2022-12-30
AIAENG.NS,AIAENG,532683,INE212H01026,2010-01-01,2022-12-30
AJANTPHARM.NS,AJANTPHARM,532331,INE031B01049,2010-09-17,2022-12-30
AKZOINDIA.NS,AKZOINDIA,500710,INE133A01011,2010-10-01,2022-12-30
ALFALAVAL.NS,ALFALAVAL,,INE427A01017,2012-02-24,2012-04-13
ALKEM.NS,ALKEM,539523,INE540L01014,2016-06-17,2022-12-30
ALKYLAMINE.NS,ALKYLAMINE,506767,INE150B01039,2018-01-05,2022-12-30
ALOKINDS.NS,ALOKINDS,521070,INE270A01029,2010-01-01,2022-09-09
AMAR.NS,AMAR,,INE787G01011,2010-03-05,2012-10-26
AMBER.NS,AMBER,540902,INE371P01015,2018-07-27,2022-12-30
AMBUJACEM.NS,AMBUJACEM,500425,INE079A01024,2010-01-01,2022-12-30
AMTEKAUTO.NS,AMTEKAUTO,,INE130C01021,2010-01-01,2018-04-13
ANANDRATHI.NS,ANANDRATHI,543415,INE463V01026,2022-06-10,2022-12-30
ANANTRAJ.NS,ANANTRAJ,515055,INE242C01024,2010-01-01,2022-12-30
ANGELONE.NS,ANGELONE,543235,INE732I01013,2021-06-04,2022-12-30
ANKURDRUGS.NS,ANKURDRUGS,,INE238D01012,2010-04-23,2011-02-11
APARINDS.NS,APARINDS,532259,INE372A01015,2014-07-18,2022-12-30
APLAPOLLO.NS,APLAPOLLO,533758,INE702C01027,2016-01-22,2022-12-30
APLLTD.NS,APLLTD,533573,INE901L01018,2012-09-21,2022-12-30
APOLLOHOSP.NS,APOLLOHOSP,508869,INE437A01024,2010-01-01,2022-12-30
APOLLOTYRE.NS,APOLLOTYRE,500877,INE438A01022,2010-01-01,2022-12-30
APTUS.NS,APTUS,543335,INE852O01025,2022-02-18,2022-12-30
AQUA.NS,AQUA,,INE544K01026,2010-10-22,2011-02-04
ARE&M.NS,ARE&M,500008,INE885A01032,2021-11-26,2022-12-30
ARVINDREM.NS,ARVINDREM,,,2014-05-09,2015-04-10
ASAHIINDIA.NS,ASAHIINDIA,515030,INE439A01020,2010-10-01,2022-12-30
ASHOKLEY.NS,ASHOKLEY,500477,INE208A01029,2014-09-12,2022-12-30
ASIANPAINT.NS,ASIANPAINT,500820,INE021A01026,2010-01-01,2022-12-30
ASSAMCO.NS,ASSAMCO,,INE442A01024,2010-02-05,2010-12-31
ASTERDM.NS,ASTERDM,540975,INE914M01019,2019-08-16,2022-12-30
ASTRAL.NS,ASTRAL,532830,INE006I01046,2014-05-16,2022-12-30
ASTRAZEN.NS,ASTRAZEN,506820,INE203A01020,2012-04-06,2022-12-30
ATGL.NS,ATGL,542066,INE399L01023,2019-05-03,2022-12-30
ATUL.NS,ATUL,500027,INE100A01010,2010-08-20,2022-12-30
AUBANK.NS,AUBANK,540611,INE949L01017,2018-01-05,2022-12-30
AUROPHARMA.NS,AUROPHARMA,524804,INE406A01037,2010-01-01,2022-12-30
AWL.NS,AWL,543458,INE699H01024,2022-08-05,2022-12-30
AXISBANK.NS,AXISBANK,532215,INE238A01034,2010-01-01,2022-12-30
BAJAJ-AUTO.NS,BAJAJ-AUTO,532977,INE917I01010,2010-01-01,2022-12-30
BAJAJFINSV.NS,BAJAJFINSV,532978,INE918I01026,2010-01-01,2022-12-30
BAJAJHLDNG.NS,BAJAJHLDNG,500490,INE118A01012,2010-01-01,2022-12-30
BAJFINANCE.NS,BAJFINANCE,500034,INE296A01032,2014-05-23,2022-12-30
BALKRISIND.NS,BALKRISIND,502355,INE787D01026,2012-08-17,2022-12-30
BALRAMCHIN.NS,BALRAMCHIN,500038,INE119A01028,2010-01-01,2022-12-30
BANDHANBNK.NS,BANDHANBNK,541153,INE545U01014,2018-09-21,2022-12-30
BANKBARODA.NS,BANKBARODA,532134,INE028A01039,2010-01-01,2022-12-30
BANKINDIA.NS,BANKINDIA,532149,INE084A01016,2010-01-01,2022-12-30
BASF.NS,BASF,500042,INE373A01013,2010-01-08,2022-12-30
BATAINDIA.NS,BATAINDIA,500043,INE176A01028,2010-01-01,2022-12-30
BAYERCROP.NS,BAYERCROP,506285,INE462A01022,2010-08-06,2022-12-30
BBTC.NS,BBTC,501425,INE050A01025,2010-10-08,2022-12-30
BDL.NS,BDL,541143,INE171Z01026,2019-08-16,2022-12-30
BEL.NS,BEL,500049,INE263A01024,2010-01-15,2022-12-30
BEML.NS,BEML,500048,INE258A01024,2010-01-01,2022-12-30
BERGEPAINT.NS,BERGEPAINT,509480,INE463A01038,2010-06-11,2022-12-30
BHARATFORG.NS,BHARATFORG,500493,INE465A01025,2010-01-01,2022-12-30
BHARTIARTL.NS,BHARTIARTL,532454,INE397D01024,2010-01-01,2022-12-30
BHEL.NS,BHEL,500103,INE257A01026,2010-01-01,2022-12-30
BIOCON.NS,BIOCON,532523,INE376G01013,2010-01-01,2022-12-30
BIRLATYRE.NS,BIRLATYRE,,INE0AEJ01013,2021-01-29,2021-09-10
BLS.NS,BLS,540073,INE153T01027,2017-01-13,2022-12-30
BLUEDART.NS,BLUEDART,526612,INE233B01017,2011-07-08,2022-12-30
BLUESTARCO.NS,BLUESTARCO,500067,INE472A01039,2014-04-25,2022-12-30
BOSCHLTD.NS,BOSCHLTD,500530,INE323A01026,2010-01-01,2022-12-30
BPCL.NS,BPCL,500547,INE029A01011,2010-01-01,2022-12-30
BRANDHOUSE.NS,BRANDHOUSE,,INE317J01011,2010-03-12,2010-08-27
BRIGADE.NS,BRIGADE,532929,INE791I01019,2010-01-01,2022-12-30
BRITANNIA.NS,BRITANNIA,500825,INE216A01030,2010-09-17,2022-12-30
BSE.NS,BSE,,INE118H01025,2017-07-28,2022-12-30
BSLIMITED.NS,BSLIMITED,,INE043K01029,2014-07-18,2016-02-05
BSOFT.NS,BSOFT,532400,INE836A01035,2010-01-01,2022-12-30
CAMPUS.NS,CAMPUS,543523,INE278Y01022,2022-11-04,2022-12-30
CAMS.NS,CAMS,543232,INE596I01020,2021-04-02,2022-12-30
CANBK.NS,CANBK,532483,INE476A01022,2010-01-01,2022-12-30
CANFINHOME.NS,CANFINHOME,511196,INE477A01020,2010-08-20,2022-12-30
CAPLIPOINT.NS,CAPLIPOINT,524742,INE475E01026,2015-03-27,2022-12-30
CARBORUNIV.NS,CARBORUNIV,513375,INE120A01034,2014-11-14,2022-12-30
CASTEXTECH.NS,CASTEXTECH,,INE068D01021,2010-02-12,2015-08-28
CASTROLIND.NS,CASTROLIND,500870,INE172A01027,2010-01-01,2022-12-30
CCL.NS,CCL,519600,INE421D01022,2014-04-04,2022-12-30
CDSL.NS,CDSL,,INE736A01011,2017-12-22,2022-12-30
CEATLTD.NS,CEATLTD,500878,INE482A01020,2010-01-01,2022-12-30
CELESTIAL.NS,CELESTIAL,,,2015-02-27,2015-06-12
CENTRALBK.NS,CENTRALBK,532885,INE483A01010,2010-01-01,2022-12-30
CENTURYPLY.NS,CENTURYPLY,532548,INE348B01021,2010-08-27,2022-12-30
CERA.NS,CERA,532443,INE739E01017,2014-07-11,2022-12-30
CESC.NS,CESC,500084,INE486A01021,2010-01-01,2022-12-30
CGCL.NS,CGCL,531595,INE180C01042,2017-10-20,2022-12-30
CGPOWER.NS,CGPOWER,500093,INE067A01029,2010-01-01,2022-12-30
CHALET.NS,CHALET,542399,INE427F01016,2020-06-26,2022-12-30
CHAMBLFERT.NS,CHAMBLFERT,500085,INE085A01013,2010-01-01,2022-12-30
CHENNPETRO.NS,CHENNPETRO,500110,INE178A01016,2010-01-01,2022-12-30
CHOICEIN.NS,CHOICEIN,531358,INE102B01014,2022-09-30,2022-10-21
CHOLAFIN.NS,CHOLAFIN,511243,INE121A01024,2010-05-14,2022-12-30
CHOLAHLDNG.NS,CHOLAHLDNG,504973,INE149A01033,2010-02-05,2022-12-30
CHROMATIC.NS,CHROMATIC,,,2011-07-15,2013-03-01
CIPLA.NS,CIPLA,500087,INE059A01026,2010-01-01,2022-12-30
CLEAN.NS,CLEAN,543318,INE227W01023,2022-01-14,2022-12-30
CLUTCHAUTO.NS,CLUTCHAUTO,,INE779B01019,2010-03-05,2010-03-26
CMAHENDRA.NS,CMAHENDRA,,,2011-07-15,2014-09-26
COALINDIA.NS,COALINDIA,533278,INE522F01014,2011-04-29,2022-12-30
COCHINSHIP.NS,COCHINSHIP,540678,INE704P01025,2018-02-02,2022-12-30
COFORGE.NS,COFORGE,532541,INE591G01025,2010-01-01,2022-12-30
COHANCE.NS,COHANCE,543064,INE03QK01018,2021-11-26,2022-12-30
COLPAL.NS,COLPAL,500830,INE259A01022,2010-01-01,2022-12-30
CONCOR.NS,CONCOR,531344,INE111A01025,2010-01-01,2022-12-30
COROMANDEL.NS,COROMANDEL,506395,INE169A01031,2010-03-12,2022-12-30
CRAFTSMAN.NS,CRAFTSMAN,543276,INE00LO01017,2021-09-17,2022-12-30
CRANESSOFT.NS,CRANESSOFT,512093,INE234B01023,2010-01-08,2010-02-12
CREDITACC.NS,CREDITACC,541770,INE741K01010,2019-02-15,2022-12-30
CRESTANI.NS,CRESTANI,,,2010-10-29,2010-11-19
CREWBOS.NS,CREWBOS,,INE514G01019,2010-09-10,2011-01-14
CRISIL.NS,CRISIL,500092,INE007A01025,2011-08-19,2022-12-30
CROMPTON.NS,CROMPTON,539876,INE299U01018,2016-11-04,2022-12-30
CUB.NS,CUB,532210,INE491A01021,2010-01-22,2022-12-30
CUMMINSIND.NS,CUMMINSIND,500480,INE298A01020,2010-01-01,2022-12-30
CYIENT.NS,CYIENT,532175,INE136B01020,2010-02-12,2022-12-30
DABUR.NS,DABUR,500096,INE016A01026,2010-01-01,2022-12-30
DALBHARAT.NS,DALBHARAT,542216,INE00R701025,2019-06-28,2022-12-30
DATAPATTNS.NS,DATAPATTNS,543428,INE0IX101010,2022-06-17,2022-12-30
DBREALTY.NS,DBREALTY,533160,INE879I01012,2010-08-20,2022-12-30
DCMSHRIRAM.NS,DCMSHRIRAM,523367,INE499A01024,2014-05-09,2022-12-30
DEEPAKFERT.NS,DEEPAKFERT,500645,INE501A01019,2010-01-01,2022-12-30
DEEPAKNTR.NS,DEEPAKNTR,506401,INE288B01029,2016-09-30,2022-12-30
DELHIVERY.NS,DELHIVERY,543529,INE148O01028,2022-11-18,2022-12-30
DEVYANI.NS,DEVYANI,543330,INE872J01023,2022-02-11,2022-12-30
DEWANHOUS.NS,DEWANHOUS,,,2011-12-16,2012-05-25
DFMFOODS.NS,DFMFOODS,,INE456C01020,2020-01-31,2022-12-30
DHFL.NS,DHFL,,INE202B01012,2010-01-08,2019-11-29
DIVISLAB.NS,DIVISLAB,532488,INE361B01024,2010-01-01,2022-12-30
DIXON.NS,DIXON,540699,INE935N01020,2018-03-16,2022-12-30
DLF.NS,DLF,532868,INE271C01023,2010-01-01,2022-12-30
DMART.NS,DMART,540376,INE192R01011,2017-09-15,2022-12-30
DRREDDY.NS,DRREDDY,500124,INE089A01031,2010-01-01,2022-12-30
ECLERX.NS,ECLERX,532927,INE738I01010,2010-08-20,2022-12-30
EDL.NS,EDL,,INE180G01019,2016-01-08,2016-02-26
EDSERV.NS,EDSERV,,INE889J01019,2010-01-01,2011-12-30
EICHERMOT.NS,EICHERMOT,505200,INE066A01021,2010-03-05,2022-12-30
EIDPARRY.NS,EIDPARRY,500125,INE126A01031,2010-01-01,2022-12-30
EIHOTEL.NS,EIHOTEL,500840,INE230A01023,2010-01-01,2022-12-30
ELAND.NS,ELAND,532820,INE311H01018,2010-10-22,2010-12-17
ELDERPHARM.NS,ELDERPHARM,,INE975A01015,2010-09-10,2015-11-27
ELECON.NS,ELECON,505700,INE205B01031,2010-01-01,2022-12-30
ELGIEQUIP.NS,ELGIEQUIP,522074,INE285A01027,2018-01-19,2022-12-30
EMAMILTD.NS,EMAMILTD,531162,INE548C01032,2010-01-29,2022-12-30
EMCO.NS,EMCO,,INE078A01026,2010-01-08,2014-07-18
ENDURANCE.NS,ENDURANCE,540153,INE913H01037,2017-04-14,2022-12-30
ENGINERSIN.NS,ENGINERSIN,532178,INE510A01028,2010-01-01,2022-12-30
ERAINFRA.NS,ERAINFRA,530323,,2010-01-01,2013-11-01
ERIS.NS,ERIS,540596,INE406M01024,2017-12-22,2022-12-30
ESCORTS.NS,ESCORTS,500495,INE042A01014,2010-01-01,2022-12-30
ESSAROIL.NS,ESSAROIL,,INE011A01019,2010-01-01,2016-02-12
ESSARPORTS.NS,ESSARPORTS,,INE282A01024,2012-04-27,2015-12-25
ESSDEE.NS,ESSDEE,,,2010-01-01,2016-09-16
ETERNAL.NS,ETERNAL,543320,INE758T01015,2022-01-14,2022-12-30
EVERONN.NS,EVERONN,,INE678H01010,2010-01-01,2013-07-19
EXIDEIND.NS,EXIDEIND,500086,INE302A01020,2010-01-01,2022-12-30
FACT.NS,FACT,590024,INE188A01015,2010-03-05,2022-12-30
FEDERALBNK.NS,FEDERALBNK,500469,INE171A01029,2010-01-01,2022-12-30
FINCABLES.NS,FINCABLES,500144,INE235A01022,2010-01-01,2022-12-30
FINPIPE.NS,FINPIPE,500940,INE183A01024,2010-09-03,2022-12-30
FKONCO.NS,FKONCO,,INE575G01010,2012-04-20,2013-03-01
FLUOROCHEM.NS,FLUOROCHEM,542812,INE09N301011,2020-08-14,2022-12-30
FORCEMOT.NS,FORCEMOT,500033,INE451A01017,2020-02-14,2022-12-30
FORTIS.NS,FORTIS,532843,INE061F01013,2010-01-01,2022-12-30
FSL.NS,FSL,532809,INE684F01012,2010-01-01,2022-12-30
GAIL.NS,GAIL,532155,INE129A01019,2010-01-01,2022-12-30
GARDENSILK.NS,GARDENSILK,,INE526A01016,2010-10-29,2010-12-31
GEODESIC.NS,GEODESIC,,INE371D01029,2010-01-01,2013-01-18
GESHIP.NS,GESHIP,500620,INE017A01032,2010-01-01,2022-12-30
GICRE.NS,GICRE,540755,INE481Y01014,2018-04-20,2022-12-30
GILLETTE.NS,GILLETTE,507815,INE322A01010,2014-01-17,2022-12-30
GLAND.NS,GLAND,543245,INE068V01023,2021-05-14,2022-12-30
GLAXO.NS,GLAXO,500660,INE159A01016,2010-01-01,2022-12-30
GLENMARK.NS,GLENMARK,532296,INE935A01035,2010-01-01,2022-12-30
GLOBOFFS.NS,GLOBOFFS,501848,INE446C01013,2014-09-05,2017-03-17
GMDCLTD.NS,GMDCLTD,532181,INE131A01031,2010-01-01,2022-12-30
GMRAIRPORT.NS,GMRAIRPORT,532754,INE776C01039,2010-01-01,2022-12-30
GODFRYPHLP.NS,GODFRYPHLP,500163,INE260B01028,2014-09-19,2022-12-30
GODREJAGRO.NS,GODREJAGRO,540743,INE850D01014,2018-04-13,2022-12-30
GODREJCP.NS,GODREJCP,532424,INE102D01028,2010-01-01,2022-12-30
GODREJIND.NS,GODREJIND,500164,INE233A01035,2010-01-01,2022-12-30
GODREJPROP.NS,GODREJPROP,533150,INE484J01027,2010-07-02,2022-12-30
GPIL.NS,GPIL,532734,INE177H01039,2010-01-01,2022-12-30
GRANULES.NS,GRANULES,532482,INE101D01020,2012-09-14,2022-12-30
GRAPHITE.NS,GRAPHITE,509488,INE371A01025,2010-01-08,2022-12-30
GRASIM.NS,GRASIM,500300,INE047A01021,2010-01-01,2022-12-30
GRAVITA.NS,GRAVITA,533282,INE024L01027,2011-05-13,2022-12-30
GRSE.NS,GRSE,542011,INE382Z01011,2019-07-19,2022-12-30
GSPL.NS,GSPL,532702,INE246F01010,2010-01-01,2022-12-30
GTOFFSHORE.NS,GTOFFSHORE,,INE892H01017,2010-01-01,2014-12-26
GUJGASLTD.NS,GUJGASLTD,539336,INE844O01030,2016-03-11,2022-12-30
GUJNRECOKE.NS,GUJNRECOKE,,INE110D01013,2010-01-01,2013-02-08
GVT&D.NS,GVT&D,522275,INE200A01026,2010-01-01,2022-05-13
HAL.NS,HAL,541154,INE066F01020,2018-09-28,2022-12-30
HANUNG.NS,HANUNG,,INE648H01013,2010-01-01,2013-01-25
HAPPSTMNDS.NS,HAPPSTMNDS,543227,INE419U01012,2021-03-12,2022-12-30
HAVELLS.NS,HAVELLS,517354,INE176B01034,2010-01-01,2022-12-30
HBLENGINE.NS,HBLENGINE,517271,INE292B01021,2021-11-26,2022-12-30
HCLTECH.NS,HCLTECH,532281,INE860A01027,2010-01-01,2022-12-30
HDFCAMC.NS,HDFCAMC,541729,INE127D01025,2019-02-01,2022-12-30
HDFCBANK.NS,HDFCBANK,500180,INE040A01034,2010-01-01,2022-12-30
HDFCLIFE.NS,HDFCLIFE,540777,INE795G01014,2018-05-11,2022-12-30
HEG.NS,HEG,509631,INE545A01024,2010-01-01,2022-12-30
HEROMOTOCO.NS,HEROMOTOCO,500182,INE158A01026,2010-01-01,2022-12-30
HEXAWARE.NS,HEXAWARE,,INE093A01033,2010-01-08,2020-06-05
HFCL.NS,HFCL,500183,INE548A01028,2011-06-10,2022-12-30
HIGHGROUND.NS,HIGHGROUND,,,2015-06-19,2017-06-02
HINDALCO.NS,HINDALCO,500440,INE038A01020,2010-01-01,2022-12-30
HINDCOPPER.NS,HINDCOPPER,513599,INE531E01026,2010-07-02,2022-12-30
HINDPETRO.NS,HINDPETRO,500104,INE094A01015,2010-01-01,2022-12-30
HINDUNILVR.NS,HINDUNILVR,500696,INE030A01027,2010-01-01,2022-12-30
HINDZINC.NS,HINDZINC,500188,INE267A01025,2010-01-01,2022-12-30
HOCL.NS,HOCL,500449,INE048A01011,2010-02-12,2010-12-10
HOMEFIRST.NS,HOMEFIRST,543259,INE481N01025,2021-07-30,2022-12-30
HONAUT.NS,HONAUT,517174,INE671A01010,2013-01-11,2022-12-30
HSCL.NS,HSCL,500184,INE019C01026,2016-05-20,2022-12-30
HUDCO.NS,HUDCO,540530,INE031A01017,2017-11-10,2022-12-30
ICICIBANK.NS,ICICIBANK,532174,INE090A01021,2010-01-01,2022-12-30
ICICIGI.NS,ICICIGI,540716,INE765G01017,2018-03-23,2022-12-30
ICICIPRULI.NS,ICICIPRULI,540133,INE726G01019,2017-03-24,2022-12-30
IDBI.NS,IDBI,500116,INE008A01015,2010-01-01,2022-12-30
IDEA.NS,IDEA,532822,INE669E01016,2010-01-01,2019-03-15
IDFCFIRSTB.NS,IDFCFIRSTB,539437,INE092T01019,2016-04-29,2022-12-30
IEX.NS,IEX,540750,INE022Q01020,2018-04-20,2022-12-30
IFCI.NS,IFCI,500106,INE039A01010,2010-01-01,2018-04-20
IGL.NS,IGL,532514,INE203G01027,2010-01-15,2022-12-30
IIFL.NS,IIFL,532636,INE530B01024,2010-01-01,2022-12-30
INDHOTEL.NS,INDHOTEL,500850,INE053A01029,2010-01-01,2022-12-30
INDIACEM.NS,INDIACEM,530005,INE383A01012,2010-01-01,2022-12-30
INDIAMART.NS,INDIAMART,542726,INE933S01016,2019-12-27,2022-12-30
INDIANB.NS,INDIANB,532814,INE562A01011,2010-01-01,2022-12-30
INDIGO.NS,INDIGO,539448,INE646L01027,2016-05-06,2022-12-30
INDUSINDBK.NS,INDUSINDBK,532187,INE095A01012,2010-01-01,2022-12-30
INDUSTOWER.NS,INDUSTOWER,534816,INE121J01017,2013-06-21,2022-12-30
INFINITE.NS,INFINITE,,INE486J01014,2010-07-30,2018-12-14
INFY.NS,INFY,500209,INE009A01021,2010-01-01,2022-12-30
INOXWIND.NS,INOXWIND,539083,INE066P01011,2015-10-02,2022-12-30
INTELLECT.NS,INTELLECT,538835,INE306R01017,2015-06-12,2022-12-30
IOB.NS,IOB,532388,INE565A01014,2010-01-01,2022-12-30
IOC.NS,IOC,530965,INE242A01010,2010-01-01,2022-12-30
IPCALAB.NS,IPCALAB,524494,INE571A01038,2010-01-15,2022-12-30
IRB.NS,IRB,532947,INE821I01022,2010-01-01,2022-12-30
IRCON.NS,IRCON,541956,INE962Y01021,2019-03-22,2022-12-30
IRCTC.NS,IRCTC,542830,INE335Y01020,2020-04-10,2022-12-30
IRFC.NS,IRFC,543257,INE053F01010,2021-07-23,2022-12-30
ITC.NS,ITC,500875,INE154A01025,2010-01-01,2022-12-30
ITI.NS,ITI,523610,INE248A01017,2010-01-01,2022-12-30
J&KBANK.NS,J&KBANK,532209,INE168A01041,2010-01-01,2022-12-30
JAIHINDPRO.NS,JAIHINDPRO,,INE343D01010,2010-06-18,2010-10-29
JBCHEPHARM.NS,JBCHEPHARM,506943,INE572A01036,2010-07-02,2022-12-30
JBMA.NS,JBMA,532605,INE927D01051,2014-11-28,2022-12-30
JINDALSAW.NS,JINDALSAW,500378,INE324A01032,2010-01-01,2022-12-30
JINDALSTEL.NS,JINDALSTEL,532286,INE749A01030,2010-01-01,2022-12-30
JKCEMENT.NS,JKCEMENT,532644,INE823G01014,2010-03-05,2022-12-30
JKTYRE.NS,JKTYRE,530007,INE573A01042,2010-01-01,2022-12-30
JMFINANCIL.NS,JMFINANCIL,523405,INE780C01023,2010-07-02,2022-12-30
JMTAUTOLTD.NS,JMTAUTOLTD,,INE988E01036,2015-10-30,2016-11-25
JPPOWER.NS,JPPOWER,532627,INE351F01018,2010-01-01,2014-07-18
JSL.NS,JSL,532508,INE220G01021,2010-01-01,2022-12-30
JSWENERGY.NS,JSWENERGY,533148,INE121E01018,2010-07-02,2022-12-30
JSWSTEEL.NS,JSWSTEEL,500228,INE019A01038,2010-01-01,2022-12-30
JUBLFOOD.NS,JUBLFOOD,533155,INE797F01020,2010-08-06,2022-12-30
JUBLINGREA.NS,JUBLINGREA,543271,INE0BY001018,2021-09-10,2022-12-30
JUBLPHARMA.NS,JUBLPHARMA,530019,INE700A01033,2010-01-01,2022-12-30
JVLAGRO.NS,JVLAGRO,,INE430G01026,2010-06-11,2018-04-20
JWL.NS,JWL,533272,INE209L01016,2012-06-22,2022-12-30
JYOTHYLAB.NS,JYOTHYLAB,532926,INE668F01031,2010-02-26,2022-12-30
KAJARIACER.NS,KAJARIACER,500233,INE217B01036,2010-09-24,2022-12-30
KALYANKJIL.NS,KALYANKJIL,543278,INE303R01014,2021-09-17,2022-12-30
KARURVYSYA.NS,KARURVYSYA,590003,INE036D01028,2010-01-01,2022-12-30
KEC.NS,KEC,532714,INE389H01022,2010-01-29,2022-12-30
KEI.NS,KEI,517569,INE878B01027,2015-01-30,2022-12-30
KEMROCK.NS,KEMROCK,,,2010-06-04,2011-01-21
KFA.NS,KFA,,,2010-01-01,2012-03-16
KIMS.NS,KIMS,543308,INE967H01025,2021-12-24,2022-12-30
KIRLOSBROS.NS,KIRLOSBROS,500241,INE732A01036,2016-09-02,2022-12-30
KIRLOSENG.NS,KIRLOSENG,533293,INE146L01010,2010-01-15,2022-12-30
KOTAKBANK.NS,KOTAKBANK,500247,INE237A01028,2010-01-01,2022-12-30
KOUTONS.NS,KOUTONS,,INE406I01014,2010-01-01,2011-02-18
KPIL.NS,KPIL,522287,INE220B01022,2021-11-26,2022-12-30
KPITTECH.NS,KPITTECH,542651,INE04I401011,2019-10-18,2022-12-30
KPRMILL.NS,KPRMILL,532889,INE930H01031,2014-07-11,2022-12-30
KSB.NS,KSB,500249,INE999A01023,2014-06-13,2022-12-30
KWALITY.NS,KWALITY,,INE775B01025,2010-01-08,2018-09-14
LAKSHVILAS.NS,LAKSHVILAS,,INE694C01018,2010-01-29,2019-11-22
LALPATHLAB.NS,LALPATHLAB,539524,INE600L01024,2016-06-17,2022-12-30
LATENTVIEW.NS,LATENTVIEW,543398,INE0I7C01011,2022-05-20,2022-12-30
LAURUSLABS.NS,LAURUSLABS,540222,INE947Q01028,2017-06-16,2022-12-30
LEMONTREE.NS,LEMONTREE,541233,INE970X01018,2018-10-05,2022-12-30
LICHSGFIN.NS,LICHSGFIN,500253,INE115A01026,2010-01-01,2022-12-30
LICI.NS,LICI,543526,INE0J1Y01017,2022-11-11,2022-12-30
LINDEINDIA.NS,LINDEINDIA,523457,INE473A01011,2010-08-13,2022-12-30
LITL.NS,LITL,,INE785C01048,2010-01-01,2012-03-09
LODHA.NS,LODHA,543287,INE670K01029,2021-10-15,2022-12-30
LT.NS,LT,500510,INE018A01030,2010-01-01,2022-12-30
LTF.NS,LTF,533519,INE498L01015,2012-02-03,2022-12-30
LTFOODS.NS,LTFOODS,532783,INE818H01020,2021-11-26,2022-12-30
LTIM.NS,LTIM,,INE214T01019,2017-01-13,2022-12-30
LTTS.NS,LTTS,540115,INE010V01017,2017-03-17,2022-12-30
LUPIN.NS,LUPIN,500257,INE326A01037,2010-01-01,2022-12-30
M&M.NS,M&M,500520,INE101A01026,2010-01-01,2022-12-30
M&MFIN.NS,M&MFIN,532720,INE774D01024,2010-01-01,2022-12-30
MAHABANK.NS,MAHABANK,532525,INE457A01014,2010-01-01,2022-12-30
MAHSCOOTER.NS,MAHSCOOTER,500266,INE288A01013,2021-06-25,2022-12-30
MAHSEAMLES.NS,MAHSEAMLES,500265,INE271B01025,2010-01-01,2022-12-30
MANAPPURAM.NS,MANAPPURAM,531213,INE522D01027,2010-12-24,2022-12-30
MANYAVAR.NS,MANYAVAR,543463,INE825V01034,2022-08-12,2022-12-30
MAPMYINDIA.NS,MAPMYINDIA,543425,INE0BV301023,2022-06-17,2022-12-30
MARICO.NS,MARICO,531642,INE196A01026,2010-01-01,2022-12-30
MARUTI.NS,MARUTI,532500,INE585B01010,2010-01-01,2022-12-30
MAXHEALTH.NS,MAXHEALTH,543220,INE027H01010,2021-02-12,2022-12-30
MAZDOCK.NS,MAZDOCK,543237,INE249Z01020,2021-04-09,2022-12-30
MCX.NS,MCX,534091,INE745G01035,2012-08-31,2022-12-30
METROPOLIS.NS,METROPOLIS,542650,INE112L01020,2019-10-11,2022-12-30
MFSL.NS,MFSL,500271,INE180A01020,2010-01-01,2022-12-30
MGL.NS,MGL,539957,INE002S01010,2016-12-23,2022-12-30
MICRO.NS,MICRO,,INE056A01014,2010-03-05,2010-04-09
MINDACORP.NS,MINDACORP,538962,INE842C01021,2017-02-24,2022-12-30
MMTC.NS,MMTC,513377,INE123F01029,2010-07-30,2022-12-30
MOHOTAIND.NS,MOHOTAIND,,INE313D01013,2017-11-17,2017-12-29
MOSERBAER.NS,MOSERBAER,,INE739A01015,2010-01-01,2011-11-18
MOTHERSON.NS,MOTHERSON,517334,INE775A01035,2014-03-28,2022-12-30
MOTILALOFS.NS,MOTILALOFS,532892,INE338I01027,2016-08-26,2022-12-30
MPHASIS.NS,MPHASIS,526299,INE356A01018,2010-01-01,2022-12-30
MRF.NS,MRF,500290,INE883A01011,2010-01-01,2022-12-30
MRPL.NS,MRPL,500109,INE103A01014,2010-01-01,2022-12-30
MSUMI.NS,MSUMI,543498,INE0FS801015,2022-09-23,2022-12-30
MUTHOOTFIN.NS,MUTHOOTFIN,533398,INE414G01012,2011-10-28,2022-12-30
NAM-INDIA.NS,NAM-INDIA,540767,INE298J01013,2018-05-04,2022-12-30
NATCOPHARM.NS,NATCOPHARM,524816,INE987B01026,2010-01-01,2022-12-30
NATIONALUM.NS,NATIONALUM,532234,INE139A01034,2010-01-01,2022-12-30
NAUKRI.NS,NAUKRI,532777,INE663F01032,2010-10-29,2022-12-30
NAVA.NS,NAVA,513023,INE725A01030,2010-01-01,2022-12-30
NAVINFLUOR.NS,NAVINFLUOR,532504,INE048G01026,2010-11-19,2022-12-30
NBCC.NS,NBCC,534309,INE095N01031,2014-07-18,2022-12-30
NCC.NS,NCC,500294,INE868B01028,2010-01-01,2022-12-30
NESTLEIND.NS,NESTLEIND,500790,INE239A01024,2010-07-02,2022-12-30
NEULANDLAB.NS,NEULANDLAB,524558,INE794A01010,2014-09-19,2022-12-30
NEWGEN.NS,NEWGEN,540900,INE619B01017,2018-12-14,2022-12-30
NH.NS,NH,539551,INE410P01011,2016-10-07,2022-12-30
NHPC.NS,NHPC,533098,INE848E01016,2010-02-26,2022-12-30
NIACL.NS,NIACL,540769,INE470Y01017,2018-05-11,2022-12-30
NLCINDIA.NS,NLCINDIA,513683,INE589A01014,2010-01-01,2022-12-30
NMDC.NS,NMDC,526371,INE584A01023,2010-01-01,2022-12-30
NTPC.NS,NTPC,532555,INE733E01010,2010-01-01,2022-12-30
NUVOCO.NS,NUVOCO,543334,INE118D01016,2022-02-18,2022-12-30
NYKAA.NS,NYKAA,543384,INE388Y01029,2022-05-06,2022-12-30
OBEROIRLTY.NS,OBEROIRLTY,533273,INE093I01010,2012-04-20,2022-12-30
OFSS.NS,OFSS,532466,INE881D01027,2010-01-01,2022-12-30
OIL.NS,OIL,533106,INE274J01014,2010-03-26,2022-12-30
OLECTRA.NS,OLECTRA,532439,INE260D01016,2017-09-08,2022-12-30
OMNITECH.NS,OMNITECH,,INE810H01019,2010-02-26,2011-01-14
ONGC.NS,ONGC,500312,INE213A01029,2010-01-01,2022-12-30
ORBITCORP.NS,ORBITCORP,,,2010-01-01,2014-07-18
PAGEIND.NS,PAGEIND,532827,INE761H01022,2011-09-09,2022-12-30
PARAL.NS,PARAL,,,2010-10-08,2011-01-21
PATANJALI.NS,PATANJALI,500368,INE619A01035,2020-07-17,2022-12-30
PATNI.NS,PATNI,,INE660F01012,2010-01-01,2012-05-18
PAYTM.NS,PAYTM,543396,INE982J01020,2022-05-13,2022-12-30
PCBL.NS,PCBL,506590,INE602A01031,2010-08-27,2022-12-30
PERSISTENT.NS,PERSISTENT,533179,INE262H01021,2010-10-01,2022-12-30
PETRONET.NS,PETRONET,532522,INE347G01014,2010-01-01,2022-12-30
PFC.NS,PFC,532810,INE134E01011,2010-01-01,2022-12-30
PFIZER.NS,PFIZER,500680,INE182A01018,2013-12-20,2022-12-30
PGEL.NS,PGEL,533581,INE457L01029,2012-11-09,2022-12-30
PGHH.NS,PGHH,500459,INE179A01014,2021-06-25,2022-12-30
PHOENIXLTD.NS,PHOENIXLTD,503100,INE211B01039,2010-01-01,2022-12-30
PIDILITIND.NS,PIDILITIND,500331,INE318A01026,2010-01-22,2022-12-30
PIIND.NS,PIIND,523642,INE603J01030,2013-12-13,2022-12-30
PLETHICO.NS,PLETHICO,,,2010-01-08,2013-04-26
PNB.NS,PNB,532461,INE160A01022,2010-01-01,2022-12-30
PNBHOUSING.NS,PNBHOUSING,540173,INE572E01012,2017-05-05,2022-12-30
POLARIS.NS,POLARIS,,INE763A01023,2010-01-01,2018-05-25
POLICYBZR.NS,POLICYBZR,543390,INE417T01026,2022-05-13,2022-12-30
POLYCAB.NS,POLYCAB,542652,INE455K01017,2019-10-11,2022-12-30
POLYMED.NS,POLYMED,531768,INE205C01021,2014-11-07,2022-12-30
POONAWALLA.NS,POONAWALLA,524000,INE511C01022,2010-02-12,2022-12-30
POWERGRID.NS,POWERGRID,532898,INE752E01010,2010-01-01,2022-12-30
POWERINDIA.NS,POWERINDIA,543187,INE07Y701011,2020-09-25,2022-12-30
PRABHAT.NS,PRABHAT,,INE302M01033,2016-03-18,2021-04-23
PRADIP.NS,PRADIP,,INE495J01015,2012-01-06,2012-12-14
PRAJIND.NS,PRAJIND,522205,INE074A01025,2010-01-01,2022-12-30
PRESTIGE.NS,PRESTIGE,533274,INE811K01011,2011-04-22,2022-12-30
PSL.NS,PSL,,INE474B01017,2010-01-01,2011-01-21
PVRINOX.NS,PVRINOX,532689,INE191H01014,2021-11-26,2022-12-30
RADICO.NS,RADICO,532497,INE944F01028,2010-01-01,2022-12-30
RAILTEL.NS,RAILTEL,543265,INE0DD101019,2021-08-20,2022-12-30
RAINBOW.NS,RAINBOW,543524,INE961O01016,2022-11-04,2022-12-30
RAMCOCEM.NS,RAMCOCEM,500260,INE331A01037,2010-01-01,2022-12-30
RAMSARUP.NS,RAMSARUP,,INE005D01015,2010-08-20,2010-09-17
RBLBANK.NS,RBLBANK,540065,INE976G01028,2017-02-24,2022-12-30
RBN.NS,RBN,,INE445K01018,2012-03-30,2012-04-13
RCF.NS,RCF,524230,INE027A01015,2010-01-01,2022-12-30
RECLTD.NS,RECLTD,532955,INE020B01018,2010-01-01,2022-12-30
REDINGTON.NS,REDINGTON,532805,INE891D01026,2010-01-01,2022-12-30
RELIANCE.NS,RELIANCE,500325,INE002A01018,2010-01-01,2022-12-30
RELINFRA.NS,RELINFRA,500390,INE036A01016,2021-06-25,2022-12-30
RELMEDIA.NS,RELMEDIA,,INE540B01015,2010-04-16,2014-05-02
RHIM.NS,RHIM,534076,INE743M01012,2018-09-14,2022-12-30
RITES.NS,RITES,541556,INE320J01015,2018-12-28,2022-12-30
RKFORGE.NS,RKFORGE,532527,INE399G01023,2015-01-23,2022-12-30
RPOWER.NS,RPOWER,532939,INE614G01033,2010-01-01,2022-09-02
RVNL.NS,RVNL,542649,INE415G01027,2019-10-04,2022-12-30
SAIL.NS,SAIL,500113,INE114A01011,2010-01-01,2022-12-30
SAMMAANCAP.NS,SAMMAANCAP,535789,INE148I01020,2014-01-17,2022-12-30
SAPPHIRE.NS,SAPPHIRE,543397,INE806T01020,2022-05-13,2022-12-30
SARDAEN.NS,SARDAEN,504614,INE385C01021,2010-05-28,2022-12-30
SAREGAMA.NS,SAREGAMA,532163,INE979A01025,2015-08-07,2022-12-30
SBICARD.NS,SBICARD,543066,INE018E01016,2020-09-11,2022-12-30
SBILIFE.NS,SBILIFE,540719,INE123W01016,2018-03-30,2022-12-30
SBIN.NS,SBIN,500112,INE062A01020,2010-01-01,2022-12-30
SCHAEFFLER.NS,SCHAEFFLER,505790,INE513A01022,2014-06-20,2022-12-30
SCHNEIDER.NS,SCHNEIDER,534139,INE839M01018,2012-10-05,2022-12-30
SCI.NS,SCI,523598,INE109A01011,2010-01-01,2022-12-30
SGJHL.NS,SGJHL,,,2010-10-01,2013-02-01
SHARONBIO.NS,SHARONBIO,,INE028B01029,2014-08-15,2016-02-05
SHLAKSHMI.NS,SHLAKSHMI,,INE851B01016,2010-11-26,2012-09-28
SHREECEM.NS,SHREECEM,500387,INE070A01015,2010-01-01,2022-12-30
SHRIRAMFIN.NS,SHRIRAMFIN,511218,INE721A01047,2010-01-01,2022-12-30
SHYAMMETL.NS,SHYAMMETL,543299,INE810G01011,2021-12-17,2022-12-30
SIEMENS.NS,SIEMENS,500550,INE003A01024,2010-01-01,2022-12-30
SINTEX.NS,SINTEX,,INE429C01035,2010-01-08,2018-03-16
SJVN.NS,SJVN,533206,INE002L01015,2010-11-12,2022-12-30
SKFINDIA.NS,SKFINDIA,500472,INE640A01023,2010-01-15,2022-12-30
SKUMARSYNF.NS,SKUMARSYNF,,INE772A01016,2010-01-01,2012-08-24
SMPL.NS,SMPL,,INE215G01021,2010-01-08,2010-12-03
SOBHA.NS,SOBHA,532784,INE671H01015,2010-01-01,2022-12-30
SOLARINDS.NS,SOLARINDS,532725,INE343H01029,2016-09-02,2022-12-30
SONACOMS.NS,SONACOMS,543300,INE073K01018,2021-12-17,2022-12-30
SONATSOFTW.NS,SONATSOFTW,532221,INE269A01021,2010-01-15,2022-12-30
SPECTACLE.NS,SPECTACLE,,,2010-09-03,2011-01-28
SREINFRA.NS,SREINFRA,,INE872A01014,2010-01-08,2019-06-14
SRF.NS,SRF,503806,INE647A01010,2010-01-01,2022-12-30
STARHEALTH.NS,STARHEALTH,543412,INE575P01011,2022-06-03,2022-12-30
STERLINBIO.NS,STERLINBIO,,INE324C01038,2010-01-01,2011-12-30
SUDAR.NS,SUDAR,,,2011-09-02,2013-04-05
SUMICHEM.NS,SUMICHEM,542920,INE258G01013,2020-07-24,2022-12-30
SUNDARMFIN.NS,SUNDARMFIN,590071,INE660A01013,2010-11-19,2022-12-30
SUNDRMFAST.NS,SUNDRMFAST,500403,INE387A01021,2010-11-12,2022-12-30
SUNILHITEC.NS,SUNILHITEC,,INE305H01028,2010-07-02,2016-11-04
SUNPHARMA.NS,SUNPHARMA,524715,INE044A01036,2010-01-01,2022-12-30
SUNTV.NS,SUNTV,532733,INE424H01027,2010-01-01,2022-12-30
SUPREMEIND.NS,SUPREMEIND,509930,INE195A01028,2010-02-05,2022-12-30
SURYAJYOTI.NS,SURYAJYOTI,,,2011-01-07,2011-01-21
SUZLON.NS,SUZLON,532667,INE040H01021,2010-01-01,2016-01-01
SWANCORP.NS,SWANCORP,503310,INE665A01038,2021-06-25,2022-12-30
SYNCOM.NS,SYNCOM,,,2010-12-24,2010-12-24
SYNCOMF.NS,SYNCOMF,,INE312C01025,2010-04-02,2010-12-24
SYNGENE.NS,SYNGENE,539268,INE398R01022,2016-02-05,2022-12-30
TARAJEWELS.NS,TARAJEWELS,,INE799L01016,2016-01-08,2016-01-08
TARIL.NS,TARIL,532928,INE763I01026,2017-04-21,2022-12-30
TATACHEM.NS,TATACHEM,500770,INE092A01019,2010-01-01,2022-12-30
TATACOMM.NS,TATACOMM,500483,INE151A01013,2010-01-01,2022-12-30
TATACONSUM.NS,TATACONSUM,500800,INE192A01025,2010-01-01,2022-12-30
TATAELXSI.NS,TATAELXSI,500408,INE670A01012,2010-01-01,2022-12-30
TATAINVEST.NS,TATAINVEST,501301,INE672A01026,2021-02-05,2022-12-30
TATAPOWER.NS,TATAPOWER,500400,INE245A01021,2010-01-01,2022-12-30
TATASTEEL.NS,TATASTEEL,500470,INE081A01020,2010-01-01,2022-12-30
TCS.NS,TCS,532540,INE467B01029,2010-01-01,2022-12-30
TECHM.NS,TECHM,532755,INE669C01036,2010-01-01,2022-12-30
TECHNOE.NS,TECHNOE,542141,INE285K01026,2014-06-20,2022-12-30
TEJASNET.NS,TEJASNET,540595,INE010J01012,2017-12-22,2022-12-30
THERMAX.NS,THERMAX,500411,INE152A01029,2010-01-01,2022-12-30
TIINDIA.NS,TIINDIA,540762,INE974X01010,2019-02-08,2022-12-30
TIMKEN.NS,TIMKEN,522113,INE325A01013,2010-08-13,2022-12-30
TITAGARH.NS,TITAGARH,532966,INE615H01020,2010-01-01,2022-12-30
TITAN.NS,TITAN,500114,INE280A01028,2010-01-01,2022-12-30
TMPV.NS,TMPV,500570,INE155A01022,2021-11-26,2022-12-30
TORNTPHARM.NS,TORNTPHARM,500420,INE685A01028,2010-01-01,2022-12-30
TORNTPOWER.NS,TORNTPOWER,532779,INE813H01021,2010-01-01,2022-12-30
TRENT.NS,TRENT,500251,INE849A01020,2010-08-27,2022-12-30
TRIDENT.NS,TRIDENT,521064,INE064C01022,2021-08-13,2022-12-30
TRITURBINE.NS,TRITURBINE,533655,INE152M01016,2015-01-30,2022-12-30
TRIVENI.NS,TRIVENI,532356,INE256C01024,2010-01-01,2022-12-30
TTML.NS,TTML,532371,INE517B01013,2010-01-01,2022-12-30
TULIP.NS,TULIP,,INE122H01027,2010-01-01,2013-01-18
TVSMOTOR.NS,TVSMOTOR,532343,INE494B01023,2010-01-01,2022-12-30
UBENGG.NS,UBENGG,,INE328C01013,2010-09-03,2010-11-26
UBHOLDINGS.NS,UBHOLDINGS,,INE696A01025,2010-01-01,2017-01-06
UBL.NS,UBL,532478,INE686F01025,2010-09-03,2022-12-30
UCOBANK.NS,UCOBANK,532505,INE691A01018,2010-01-01,2022-12-30
ULTRACEMCO.NS,ULTRACEMCO,532538,INE481G01011,2010-01-01,2022-12-30
UNIONBANK.NS,UNIONBANK,532477,INE692A01016,2010-01-01,2022-12-30
UNITDSPR.NS,UNITDSPR,532432,INE854D01024,2021-11-26,2022-12-30
UNOMINDA.NS,UNOMINDA,532539,INE405E01023,2016-01-08,2022-12-30
UPL.NS,UPL,512070,INE628A01036,2010-01-01,2022-12-30
USHAMART.NS,USHAMART,517146,INE228A01035,2010-01-01,2022-12-30
USHERAGRO.NS,USHERAGRO,,INE235G01011,2011-01-21,2014-11-28
UTIAMC.NS,UTIAMC,543238,INE094J01016,2021-04-09,2022-12-30
UTTAMSTL.NS,UTTAMSTL,,INE699A01011,2010-01-01,2018-02-16
UTVSOF.NS,UTVSOF,,INE507B01022,2010-01-01,2012-03-09
VARUN.NS,VARUN,,INE032G01012,2010-09-10,2012-05-25
VBL.NS,VBL,540180,INE200M01039,2017-05-05,2022-12-30
VEDL.NS,VEDL,500295,INE205A01025,2010-01-01,2022-12-30
VGUARD.NS,VGUARD,532953,INE951I01027,2012-07-27,2022-12-30
VIJAYA.NS,VIJAYA,543350,INE043W01024,2022-03-11,2022-12-30
VOLTAS.NS,VOLTAS,500575,INE226A01021,2010-01-01,2022-12-30
VTL.NS,VTL,502986,INE825A01020,2010-01-29,2022-12-30
WELCORP.NS,WELCORP,532144,INE191B01025,2010-01-01,2022-12-30
WELSPUNLIV.NS,WELSPUNLIV,514162,INE192B01031,2014-07-04,2022-12-30
WHIRLPOOL.NS,WHIRLPOOL,500238,INE716A01013,2010-07-09,2022-12-30
WIPRO.NS,WIPRO,507685,INE075A01022,2010-01-01,2022-12-30
WOCKPHARMA.NS,WOCKPHARMA,532300,INE049B01025,2010-01-01,2022-12-30
YESBANK.NS,YESBANK,532648,INE528G01035,2010-01-01,2022-12-30
ZEEL.NS,ZEEL,505537,INE256A01028,2010-01-01,2022-12-30
ZENSARTECH.NS,ZENSARTECH,504067,INE520A01027,2010-01-08,2022-12-30
ZENTEC.NS,ZENTEC,533339,INE251B01027,2015-10-09,2022-12-30
ZFCVINDIA.NS,ZFCVINDIA,533023,INE342J01019,2021-09-10,2022-11-11
ZYDUSLIFE.NS,ZYDUSLIFE,532321,INE010B01027,2010-01-01,2022-12-30
ZYLOG.NS,ZYLOG,,INE225I01026,2010-01-01,2013-01-04
