panel,track,family,signal,name,mean_ic,hac_t,icir_ann,n_dates,sign_ok,fdr_pass,ls_spread_ann,longleg_alpha_ann,longleg_share,monotonic,verdict,target_horizon,target_relativity,universe_panel,window
PANEL-B,F-03..F-07,value,val_roce_5yr_avg_zscore,ROCE 5yr value,-0.0222,-1.89,-1.25,339,False,False,-0.073,-0.046,0.63,-0.9,FAILED_SIGN,4w,sector_relative,PANEL-B (no close filter),eval window 2005-01-07..2025-07-10 (pre-lockbox); effective dates = n_dates
PANEL-A,F-01/F-02,momentum,ret_4w,1m return,-0.0186,-2.91,-1.01,1070,False,True,0.031,0.006,0.2,0.9,FAILED_SIGN,4w,sector_relative,PANEL-A (close>=20),eval window 2005-01-07..2025-07-10 (pre-lockbox); effective dates = n_dates
PANEL-B,F-03..F-07,quality,screener_roce,ROCE,-0.0182,-1.65,-1.08,340,False,False,-0.052,-0.036,0.7,-0.9,FAILED_SIGN,4w,sector_relative,PANEL-B (no close filter),eval window 2005-01-07..2025-07-10 (pre-lockbox); effective dates = n_dates
PANEL-B,F-03..F-07,value,val_earnings_quality_score_zscore,earnings-quality value,-0.0095,-0.97,-0.62,339,False,False,0.01,-0.042,-4.41,0.0,FAILED_SIGN,4w,sector_relative,PANEL-B (no close filter),eval window 2005-01-07..2025-07-10 (pre-lockbox); effective dates = n_dates
PANEL-B,F-03..F-07,value,val_composite_score_zscore,composite value score,-0.0089,-0.76,-0.5,339,False,False,-0.002,-0.032,17.71,-0.4,FAILED_SIGN,4w,sector_relative,PANEL-B (no close filter),eval window 2005-01-07..2025-07-10 (pre-lockbox); effective dates = n_dates
PANEL-B,F-03..F-07,anchors,rev_sue,revenue SUE,-0.0075,-0.76,-0.55,283,False,False,-0.04,-0.033,0.81,-0.5,FAILED_SIGN,4w,sector_relative,PANEL-B (no close filter),eval window 2005-01-07..2025-07-10 (pre-lockbox); effective dates = n_dates
PANEL-B,F-03..F-07,quality,operating_margin,operating margin,-0.0072,-0.9,-0.59,340,False,False,-0.055,-0.033,0.6,-0.8,FAILED_SIGN,4w,sector_relative,PANEL-B (no close filter),eval window 2005-01-07..2025-07-10 (pre-lockbox); effective dates = n_dates
PANEL-A,F-01/F-02,volatility,skew_26w,26w skew (lottery),0.0025,0.59,0.21,1070,False,False,-0.048,-0.032,0.67,-0.7,FAILED_SIGN,4w,sector_relative,PANEL-A (close>=20),eval window 2005-01-07..2025-07-10 (pre-lockbox); effective dates = n_dates
PANEL-B,F-03..F-07,anchors,combined_sue,combined SUE,-0.0007,-0.08,-0.05,283,False,False,0.007,-0.0,-0.04,0.2,FAILED_SIGN,4w,sector_relative,PANEL-B (no close filter),eval window 2005-01-07..2025-07-10 (pre-lockbox); effective dates = n_dates
PANEL-B,F-03..F-07,flows,screener_promoter_change_1q,promoter buying 1q,0.0124,1.3,1.47,99,True,False,0.029,-0.001,-0.04,0.6,NOISE,4w,sector_relative,PANEL-B (no close filter),eval window 2005-01-07..2025-07-10 (pre-lockbox); effective dates = n_dates
PANEL-A,F-01/F-02,momentum,ret_13w,3m momentum,0.0089,1.17,0.43,1070,True,False,0.11,0.059,0.54,1.0,NOISE,4w,sector_relative,PANEL-A (close>=20),eval window 2005-01-07..2025-07-10 (pre-lockbox); effective dates = n_dates
PANEL-B,F-03..F-07,anchors,eps_sue,EPS SUE,0.0088,1.14,0.79,283,True,False,0.024,0.01,0.4,0.5,NOISE,4w,sector_relative,PANEL-B (no close filter),eval window 2005-01-07..2025-07-10 (pre-lockbox); effective dates = n_dates
PANEL-B,F-03..F-07,flows,screener_fii_change_1q,FII change 1q (IH-04),0.0071,0.68,0.78,99,True,False,-0.019,-0.021,1.11,-0.1,NOISE,4w,sector_relative,PANEL-B (no close filter),eval window 2005-01-07..2025-07-10 (pre-lockbox); effective dates = n_dates
PANEL-B,F-03..F-07,value,val_discount_to_fair_pct_zscore,discount-to-fair (IH-24),0.0034,0.53,0.34,339,True,False,0.013,-0.015,-1.18,0.1,NOISE,4w,sector_relative,PANEL-B (no close filter),eval window 2005-01-07..2025-07-10 (pre-lockbox); effective dates = n_dates
PANEL-B,F-03..F-07,value,val_margin_of_safety_zscore,margin of safety,0.0034,0.52,0.33,339,True,False,0.013,-0.015,-1.18,0.1,NOISE,4w,sector_relative,PANEL-B (no close filter),eval window 2005-01-07..2025-07-10 (pre-lockbox); effective dates = n_dates
PANEL-B,F-03..F-07,anchors,combined_revision_score,revision score,0.0031,0.36,0.26,283,True,False,0.029,0.0,0.0,0.1,NOISE,4w,sector_relative,PANEL-B (no close filter),eval window 2005-01-07..2025-07-10 (pre-lockbox); effective dates = n_dates
PANEL-B,F-03..F-07,flows,bulk_net_pressure_21d,bulk-deal net pressure,0.0018,0.46,0.27,156,True,False,-0.001,0.01,-6.94,-0.3,NOISE,4w,sector_relative,PANEL-B (no close filter),eval window 2005-01-07..2025-07-10 (pre-lockbox); effective dates = n_dates
PANEL-B,F-03..F-07,quality,piotroski_fscore,Piotroski F-score,0.0652,3.38,9.75,5,True,True,0.112,0.02,0.18,0.5,UNTESTED(n<60),4w,sector_relative,PANEL-B (no close filter),eval window 2005-01-07..2025-07-10 (pre-lockbox); effective dates = n_dates
PANEL-B,F-03..F-07,quality,roe,ROE,0.0195,1.82,2.63,58,True,False,0.043,0.063,1.47,0.4,UNTESTED(n<60),4w,sector_relative,PANEL-B (no close filter),eval window 2005-01-07..2025-07-10 (pre-lockbox); effective dates = n_dates
PANEL-B,F-03..F-07,sentiment,sent_momentum_score,sentiment momentum,0.0151,1.35,2.02,40,True,False,0.008,-0.004,-0.52,0.6,UNTESTED(n<60),4w,sector_relative,PANEL-B (no close filter),eval window 2005-01-07..2025-07-10 (pre-lockbox); effective dates = n_dates
PANEL-B,F-03..F-07,sentiment,sent_signed_sentiment_intensity,signed sentiment intensity,-0.001,-0.15,-0.15,40,False,False,-0.006,-0.029,5.09,-0.4,UNTESTED(n<60),4w,sector_relative,PANEL-B (no close filter),eval window 2005-01-07..2025-07-10 (pre-lockbox); effective dates = n_dates
PANEL-B,F-03..F-07,sentiment,sent_sentiment_score,FinBERT sentiment score,-0.0007,-0.11,-0.11,40,False,False,-0.001,-0.024,28.16,-0.4,UNTESTED(n<60),4w,sector_relative,PANEL-B (no close filter),eval window 2005-01-07..2025-07-10 (pre-lockbox); effective dates = n_dates
PANEL-B,F-03..F-07,sentiment,sent_northstar_score,sentiment northstar composite,-0.0007,-0.11,-0.11,40,False,False,-0.003,-0.026,8.96,-0.4,UNTESTED(n<60),4w,sector_relative,PANEL-B (no close filter),eval window 2005-01-07..2025-07-10 (pre-lockbox); effective dates = n_dates
PANEL-A,F-01/F-02,momentum,res_mom_52w_ex4w,residual momentum (IH-01),0.0459,5.83,2.21,1032,True,True,0.157,0.076,0.48,1.0,VALIDATED,4w,sector_relative,PANEL-A (close>=20),eval window 2005-01-07..2025-07-10 (pre-lockbox); effective dates = n_dates
PANEL-A,F-01/F-02,momentum,ret_52w_ex4w,12-1 momentum (classic),0.0387,4.64,1.72,1070,True,True,0.142,0.065,0.45,1.0,VALIDATED,4w,sector_relative,PANEL-A (close>=20),eval window 2005-01-07..2025-07-10 (pre-lockbox); effective dates = n_dates
PANEL-A,F-01/F-02,momentum,sharpe_mom_26w,sharpe-scaled momentum,0.0284,3.67,1.36,1070,True,True,0.156,0.083,0.53,1.0,VALIDATED,4w,sector_relative,PANEL-A (close>=20),eval window 2005-01-07..2025-07-10 (pre-lockbox); effective dates = n_dates
PANEL-A,F-01/F-02,momentum,consistency_mom_26w,momentum consistency,0.0249,3.88,1.42,1070,True,True,0.106,0.045,0.43,1.0,VALIDATED,4w,sector_relative,PANEL-A (close>=20),eval window 2005-01-07..2025-07-10 (pre-lockbox); effective dates = n_dates
PANEL-A,F-01/F-02,momentum,ret_26w,6m momentum,0.0238,3.02,1.11,1070,True,True,0.147,0.07,0.48,1.0,VALIDATED,4w,sector_relative,PANEL-A (close>=20),eval window 2005-01-07..2025-07-10 (pre-lockbox); effective dates = n_dates
PANEL-A,F-01/F-02,momentum,ret_1w,1w short-term reversal,-0.0278,-6.82,-1.78,1070,True,True,0.028,0.004,0.16,0.7,VALIDATED(SHORT_LEG),4w,sector_relative,PANEL-A (close>=20),eval window 2005-01-07..2025-07-10 (pre-lockbox); effective dates = n_dates
PANEL-A,F-01/F-02,volatility,beta_104w,beta / BAB (IH-20/BAB),-0.0224,-2.17,-0.8,1070,True,True,0.065,0.015,0.23,0.9,VALIDATED(SHORT_LEG),4w,sector_relative,PANEL-A (close>=20),eval window 2005-01-07..2025-07-10 (pre-lockbox); effective dates = n_dates
PANEL-A,F-01/F-02,liquidity,amihud_13w,Amihud illiquidity premium,0.0185,2.96,1.06,1070,True,True,0.087,0.046,0.54,1.0,WEAK,4w,sector_relative,PANEL-A (close>=20),eval window 2005-01-07..2025-07-10 (pre-lockbox); effective dates = n_dates
PANEL-A,F-01/F-02,volatility,vol_52w,52w realized vol (low-vol),-0.0174,-2.02,-0.73,1070,True,True,0.064,0.019,0.3,0.4,WEAK,4w,sector_relative,PANEL-A (close>=20),eval window 2005-01-07..2025-07-10 (pre-lockbox); effective dates = n_dates
PANEL-B,F-03..F-07,quality,accruals_ratio,"""accruals (EXPLORATORY","IH-02)""",-0.0143,-2.71,-1.74,340,True,True,0.09,0.037,0.41,0.7,WEAK,4w,PANEL-B (no close filter),eval window 2005-01-07..2025-07-10 (pre-lockbox); effective dates = n_dates,2005-01-07..2025-07-10 (pre-lockbox)
PANEL-A,F-01/F-02,volatility,vol_13w,13w realized vol (low-vol),-0.014,-1.89,-0.67,1070,True,True,0.02,-0.003,-0.16,0.4,WEAK,4w,sector_relative,PANEL-A (close>=20),eval window 2005-01-07..2025-07-10 (pre-lockbox); effective dates = n_dates
PANEL-B,F-03..F-07,quality,cash_conversion,cash conversion,0.0086,1.73,1.12,340,True,False,0.043,0.023,0.53,0.9,WEAK,4w,sector_relative,PANEL-B (no close filter),eval window 2005-01-07..2025-07-10 (pre-lockbox); effective dates = n_dates
